timestamp,dpid,port,mse,mse_threshold,actual_anomaly,predicted_anomaly
2026-08-08 16:45:24.249789+00:00,1,1,9.943437908077613e-05,5.0,0,0
2026-08-08 16:45:24.249789+00:00,1,2,9.951271204045042e-05,5.0,0,0
2026-08-08 16:45:29.252748+00:00,1,1,9.951236279448494e-05,5.0,0,0
2026-08-08 16:45:29.252748+00:00,1,2,9.951271204045042e-05,5.0,0,0
2026-08-08 16:45:34.254222+00:00,1,1,9.951265383278951e-05,5.0,0,0
2026-08-08 16:45:34.254222+00:00,1,2,9.951271204045042e-05,5.0,0,0
2026-08-08 16:45:39.254511+00:00,1,1,9.951293759513646e-05,5.0,0,0
2026-08-08 16:45:39.254511+00:00,1,2,9.951271204045042e-05,5.0,0,0
2026-08-08 16:45:44.257223+00:00,1,1,9.951327228918672e-05,5.0,0,0
2026-08-08 16:45:44.257223+00:00,1,2,9.951271204045042e-05,5.0,0,0
2026-08-08 16:45:49.262308+00:00,1,1,9.951379615813494e-05,5.0,0,0
2026-08-08 16:45:49.262308+00:00,1,2,9.951271204045042e-05,5.0,0,0
2026-08-08 16:45:54.263164+00:00,1,1,9.951271204045042e-05,5.0,0,0
2026-08-08 16:45:54.263164+00:00,1,2,9.951271204045042e-05,5.0,0,0
2026-08-08 16:45:59.264059+00:00,1,1,9.951271204045042e-05,5.0,0,0
2026-08-08 16:45:59.264059+00:00,1,2,9.943437908077613e-05,5.0,0,0
2026-08-08 16:46:04.265352+00:00,1,1,9.951271204045042e-05,5.0,0,0
2026-08-08 16:46:04.265352+00:00,1,2,9.951236279448494e-05,5.0,0,0
2026-08-08 16:46:09.268823+00:00,1,1,9.941557800630108e-05,5.0,0,0
2026-08-08 16:46:09.268823+00:00,1,2,9.941550524672493e-05,5.0,0,0
2026-08-08 16:46:14.271864+00:00,1,1,9.951218089554459e-05,5.0,0,0
2026-08-08 16:46:14.271864+00:00,1,2,9.951218089554459e-05,5.0,0,0
2026-08-08 16:46:19.274909+00:00,1,1,9.939146548276767e-05,5.0,0,0
2026-08-08 16:46:19.274909+00:00,1,2,9.939212759491056e-05,5.0,0,0
2026-08-08 16:46:24.275297+00:00,1,1,9.95123409666121e-05,5.0,0,0
2026-08-08 16:46:24.275297+00:00,1,2,9.951317042578012e-05,5.0,0,0
2026-08-08 16:46:29.277263+00:00,1,1,9.951335232472047e-05,5.0,0,0
2026-08-08 16:46:29.277263+00:00,1,2,9.951335232472047e-05,5.0,0,0
2026-08-08 16:46:34.281013+00:00,1,1,9.951435640687123e-05,5.0,0,0
2026-08-08 16:46:34.281013+00:00,1,2,9.951435640687123e-05,5.0,0,0
2026-08-08 16:46:39.283160+00:00,1,1,9.95137233985588e-05,5.0,0,0
2026-08-08 16:46:39.283160+00:00,1,2,9.95137233985588e-05,5.0,0,0
2026-08-08 16:46:44.284284+00:00,1,1,9.951442189048976e-05,5.0,0,0
2026-08-08 16:46:44.284284+00:00,1,2,9.951442189048976e-05,5.0,0,0
2026-08-08 16:46:49.285358+00:00,1,1,9.951271204045042e-05,5.0,0,0
2026-08-08 16:46:49.285358+00:00,1,2,9.951271204045042e-05,5.0,0,0
2026-08-08 16:46:54.286259+00:00,1,1,9.951271204045042e-05,5.0,0,0
2026-08-08 16:46:54.286259+00:00,1,2,9.951271204045042e-05,5.0,0,0
2026-08-08 16:46:59.288809+00:00,1,1,9.951271204045042e-05,5.0,0,0
2026-08-08 16:46:59.288809+00:00,1,2,9.951271204045042e-05,5.0,0,0
2026-08-08 16:47:04.292714+00:00,1,1,9.951271204045042e-05,5.0,0,0
2026-08-08 16:47:04.292714+00:00,1,2,9.951271204045042e-05,5.0,0,0
2026-08-08 16:47:09.298470+00:00,1,1,9.951271204045042e-05,5.0,0,0
2026-08-08 16:47:09.298470+00:00,1,2,9.951271204045042e-05,5.0,0,0
2026-08-08 16:47:14.301246+00:00,1,1,9.951271204045042e-05,5.0,0,0
2026-08-08 16:47:14.301246+00:00,1,2,9.951271204045042e-05,5.0,0,0
2026-08-08 16:47:19.304637+00:00,1,1,9.951271204045042e-05,5.0,0,0
2026-08-08 16:47:19.304637+00:00,1,2,9.951271204045042e-05,5.0,0,0
2026-08-08 16:47:24.309115+00:00,1,1,9.951271204045042e-05,5.0,0,0
2026-08-08 16:47:24.309115+00:00,1,2,9.951271204045042e-05,5.0,0,0
2026-08-08 16:47:29.311846+00:00,1,1,9.951271204045042e-05,5.0,0,0
2026-08-08 16:47:29.311846+00:00,1,2,9.951271204045042e-05,5.0,0,0
2026-08-08 16:47:34.312761+00:00,1,1,9.951271204045042e-05,5.0,0,0
2026-08-08 16:47:34.312761+00:00,1,2,9.951271204045042e-05,5.0,0,0
2026-08-08 16:47:39.317391+00:00,1,1,9.951271204045042e-05,5.0,0,0
2026-08-08 16:47:39.317391+00:00,1,2,9.951271204045042e-05,5.0,0,0
2026-08-08 16:47:44.318849+00:00,1,1,9.951271204045042e-05,5.0,0,0
2026-08-08 16:47:44.318849+00:00,1,2,9.951271204045042e-05,5.0,0,0
2026-08-08 16:47:49.320859+00:00,1,1,9.951271204045042e-05,5.0,0,0
2026-08-08 16:47:49.320859+00:00,1,2,9.951271204045042e-05,5.0,0,0
2026-08-08 16:47:54.323523+00:00,1,1,9.951271204045042e-05,5.0,0,0
2026-08-08 16:47:54.323523+00:00,1,2,9.951271204045042e-05,5.0,0,0
2026-08-08 16:47:59.324636+00:00,1,1,9.951271204045042e-05,5.0,0,0
2026-08-08 16:47:59.324636+00:00,1,2,9.951271204045042e-05,5.0,0,0
2026-08-08 16:48:04.325333+00:00,1,1,9.951271204045042e-05,5.0,0,0
2026-08-08 16:48:04.325333+00:00,1,2,9.951271204045042e-05,5.0,0,0
2026-08-08 16:48:09.330383+00:00,1,1,9.951271204045042e-05,5.0,0,0
2026-08-08 16:48:09.330383+00:00,1,2,9.951271204045042e-05,5.0,0,0
2026-08-08 16:48:14.332827+00:00,1,1,9.951271204045042e-05,5.0,0,0
2026-08-08 16:48:14.332827+00:00,1,2,9.951271204045042e-05,5.0,0,0
2026-08-08 16:48:19.336349+00:00,1,1,9.951271204045042e-05,5.0,0,0
2026-08-08 16:48:19.336349+00:00,1,2,9.951271204045042e-05,5.0,0,0
2026-08-08 16:48:24.341433+00:00,1,1,9.951271204045042e-05,5.0,0,0
2026-08-08 16:48:24.341433+00:00,1,2,9.951271204045042e-05,5.0,0,0
2026-08-08 16:48:29.344255+00:00,1,1,9.951271204045042e-05,5.0,0,0
2026-08-08 16:48:29.344255+00:00,1,2,9.951271204045042e-05,5.0,0,0
2026-08-08 16:48:34.347350+00:00,1,1,9.951271204045042e-05,5.0,0,0
2026-08-08 16:48:34.347350+00:00,1,2,9.951271204045042e-05,5.0,0,0
2026-08-08 16:48:39.350122+00:00,1,1,9.951271204045042e-05,5.0,0,0
2026-08-08 16:48:39.350122+00:00,1,2,9.951271204045042e-05,5.0,0,0
2026-08-08 16:48:44.351956+00:00,1,1,9.951271204045042e-05,5.0,0,0
2026-08-08 16:48:44.351956+00:00,1,2,9.951271204045042e-05,5.0,0,0
2026-08-08 16:48:49.356589+00:00,1,1,9.951271204045042e-05,5.0,0,0
2026-08-08 16:48:49.356589+00:00,1,2,9.951271204045042e-05,5.0,0,0
2026-08-08 16:48:54.358270+00:00,1,1,9.943437908077613e-05,5.0,0,0
2026-08-08 16:48:54.358270+00:00,1,2,9.951271204045042e-05,5.0,0,0
2026-08-08 16:48:59.362111+00:00,1,1,9.951236279448494e-05,5.0,0,0
2026-08-08 16:48:59.362111+00:00,1,2,9.951271204045042e-05,5.0,0,0
2026-08-08 16:49:04.366228+00:00,1,1,9.951265383278951e-05,5.0,0,0
2026-08-08 16:49:04.366228+00:00,1,2,9.951271204045042e-05,5.0,0,0
2026-08-08 16:49:09.368947+00:00,1,1,9.951293759513646e-05,5.0,0,0
2026-08-08 16:49:09.368947+00:00,1,2,9.951271204045042e-05,5.0,0,0
2026-08-08 16:49:14.373804+00:00,1,1,9.951327228918672e-05,5.0,0,0
2026-08-08 16:49:14.373804+00:00,1,2,9.951271204045042e-05,5.0,0,0
2026-08-08 16:49:19.373876+00:00,1,1,9.951379615813494e-05,5.0,0,0
2026-08-08 16:49:19.373876+00:00,1,2,9.951271204045042e-05,5.0,0,0
2026-08-08 16:49:24.379057+00:00,1,1,9.951317042578012e-05,5.0,0,0
2026-08-08 16:49:24.379057+00:00,1,2,9.951317042578012e-05,5.0,0,0
2026-08-08 16:49:29.380460+00:00,1,1,9.951317042578012e-05,5.0,0,0
2026-08-08 16:49:29.380460+00:00,1,2,9.951317042578012e-05,5.0,0,0
2026-08-08 16:49:34.382897+00:00,1,1,9.951271204045042e-05,5.0,0,0
2026-08-08 16:49:34.382897+00:00,1,2,9.951271204045042e-05,5.0,0,0
2026-08-08 16:49:39.382302+00:00,1,1,9.951271204045042e-05,5.0,0,0
2026-08-08 16:49:39.382302+00:00,1,2,9.951271204045042e-05,5.0,0,0
2026-08-08 16:49:44.382518+00:00,1,1,9.951271204045042e-05,5.0,0,0
2026-08-08 16:49:44.382518+00:00,1,2,9.951271204045042e-05,5.0,0,0
2026-08-08 16:49:49.387344+00:00,1,1,9.951271204045042e-05,5.0,0,0
2026-08-08 16:49:49.387344+00:00,1,2,9.943442273652181e-05,5.0,0,0
2026-08-08 16:49:54.391208+00:00,1,1,9.951271204045042e-05,5.0,0,0
2026-08-08 16:49:54.391208+00:00,1,2,9.951236279448494e-05,5.0,0,0
2026-08-08 16:49:59.392490+00:00,1,1,9.951271204045042e-05,5.0,0,0
2026-08-08 16:49:59.392490+00:00,1,2,9.951265383278951e-05,5.0,0,0
2026-08-08 16:50:04.392775+00:00,1,1,9.951271204045042e-05,5.0,0,0
2026-08-08 16:50:04.392775+00:00,1,2,9.951293759513646e-05,5.0,0,0
2026-08-08 16:50:09.395265+00:00,1,1,9.951271204045042e-05,5.0,0,0
2026-08-08 16:50:09.395265+00:00,1,2,9.951319225365296e-05,5.0,0,0
2026-08-08 16:50:14.395614+00:00,1,1,9.951271204045042e-05,5.0,0,0
2026-08-08 16:50:14.395614+00:00,1,2,9.951363608706743e-05,5.0,0,0
2026-08-08 16:50:19.396856+00:00,1,1,9.951271204045042e-05,5.0,0,0
2026-08-08 16:50:19.396856+00:00,1,2,9.951271204045042e-05,5.0,0,0
2026-08-08 16:50:24.397832+00:00,1,1,9.951271204045042e-05,5.0,0,0
2026-08-08 16:50:24.397832+00:00,1,2,9.951271204045042e-05,5.0,0,0
2026-08-08 16:50:29.398692+00:00,1,1,9.941552707459778e-05,5.0,0,0
2026-08-08 16:50:29.398692+00:00,1,2,9.941552707459778e-05,5.0,0,0
2026-08-08 16:50:34.399190+00:00,1,1,9.946928184945136e-05,5.0,0,0
2026-08-08 16:50:34.399190+00:00,1,2,9.943384065991268e-05,5.0,0,0
2026-08-08 16:50:39.401795+00:00,1,1,9.951232641469687e-05,5.0,0,0
2026-08-08 16:50:39.401795+00:00,1,2,9.951209358405322e-05,5.0,0,0
2026-08-08 16:50:44.404072+00:00,1,1,9.951314132194966e-05,5.0,0,0
2026-08-08 16:50:44.404072+00:00,1,2,9.95130612864159e-05,5.0,0,0
2026-08-08 16:50:49.406768+00:00,1,1,9.943523036781698e-05,5.0,0,0
2026-08-08 16:50:49.406768+00:00,1,2,9.947103535523638e-05,5.0,0,0
2026-08-08 16:50:54.410311+00:00,1,1,9.951367974281311e-05,5.0,0,0
2026-08-08 16:50:54.410311+00:00,1,2,9.951427637133747e-05,5.0,0,0
2026-08-08 16:50:59.410753+00:00,1,1,9.951343236025423e-05,5.0,0,0
2026-08-08 16:50:59.410753+00:00,1,2,9.951365791494027e-05,5.0,0,0
2026-08-08 16:51:04.411388+00:00,1,1,9.951293759513646e-05,5.0,0,0
2026-08-08 16:51:04.411388+00:00,1,2,9.951333049684763e-05,5.0,0,0
2026-08-08 16:51:09.414629+00:00,1,1,9.951319225365296e-05,5.0,0,0
2026-08-08 16:51:09.414629+00:00,1,2,9.951370157068595e-05,5.0,0,0
2026-08-08 16:51:14.417650+00:00,1,1,9.951363608706743e-05,5.0,0,0
2026-08-08 16:51:14.417650+00:00,1,2,9.951354149961844e-05,5.0,0,0
2026-08-08 16:51:19.422348+00:00,1,1,9.951271204045042e-05,5.0,0,0
2026-08-08 16:51:19.422348+00:00,1,2,9.951271204045042e-05,5.0,0,0
2026-08-08 16:51:24.422793+00:00,1,1,9.951271204045042e-05,5.0,0,0
2026-08-08 16:51:24.422793+00:00,1,2,9.951271204045042e-05,5.0,0,0
2026-08-08 16:51:29.426535+00:00,1,1,9.951271204045042e-05,5.0,0,0
2026-08-08 16:51:29.426535+00:00,1,2,9.951271204045042e-05,5.0,0,0
2026-08-08 16:51:34.427337+00:00,1,1,9.951271204045042e-05,5.0,0,0
2026-08-08 16:51:34.427337+00:00,1,2,9.951271204045042e-05,5.0,0,0
2026-08-08 16:51:39.428137+00:00,1,1,9.951271204045042e-05,5.0,0,0
2026-08-08 16:51:39.428137+00:00,1,2,9.951271204045042e-05,5.0,0,0
2026-08-08 16:51:44.428193+00:00,1,1,9.951271204045042e-05,5.0,0,0
2026-08-08 16:51:44.428193+00:00,1,2,9.951271204045042e-05,5.0,0,0
2026-08-08 16:51:49.438655+00:00,1,1,9.951271204045042e-05,5.0,0,0
2026-08-08 16:51:49.438655+00:00,1,2,9.951271204045042e-05,5.0,0,0
2026-08-08 16:51:54.440699+00:00,1,1,9.951271204045042e-05,5.0,0,0
2026-08-08 16:51:54.440699+00:00,1,2,9.951271204045042e-05,5.0,0,0
2026-08-08 16:51:59.448091+00:00,1,1,9.951271204045042e-05,5.0,0,0
2026-08-08 16:51:59.448091+00:00,1,2,9.951271204045042e-05,5.0,0,0
2026-08-08 16:52:04.456454+00:00,1,1,9.951271204045042e-05,5.0,0,0
2026-08-08 16:52:04.456454+00:00,1,2,9.951271204045042e-05,5.0,0,0
2026-08-08 16:52:09.457540+00:00,1,1,9.951271204045042e-05,5.0,0,0
2026-08-08 16:52:09.457540+00:00,1,2,9.951271204045042e-05,5.0,0,0
2026-08-08 16:52:14.460888+00:00,1,1,9.951271204045042e-05,5.0,0,0
2026-08-08 16:52:14.460888+00:00,1,2,9.951271204045042e-05,5.0,0,0
2026-08-08 16:52:19.469598+00:00,1,1,9.951271204045042e-05,5.0,0,0
2026-08-08 16:52:19.469598+00:00,1,2,9.951271204045042e-05,5.0,0,0
2026-08-08 16:52:24.477238+00:00,1,1,9.951271204045042e-05,5.0,0,0
2026-08-08 16:52:24.477238+00:00,1,2,9.951271204045042e-05,5.0,0,0
2026-08-08 16:52:29.478658+00:00,1,1,9.951271204045042e-05,5.0,0,0
2026-08-08 16:52:29.478658+00:00,1,2,9.951271204045042e-05,5.0,0,0
2026-08-08 16:52:34.483788+00:00,1,1,9.951271204045042e-05,5.0,0,0
2026-08-08 16:52:34.483788+00:00,1,2,9.951271204045042e-05,5.0,0,0
2026-08-08 16:52:39.486728+00:00,1,1,9.951271204045042e-05,5.0,0,0
2026-08-08 16:52:39.486728+00:00,1,2,9.951271204045042e-05,5.0,0,0
2026-08-08 16:52:44.498576+00:00,1,1,9.951271204045042e-05,5.0,0,0
2026-08-08 16:52:44.498576+00:00,1,2,9.951271204045042e-05,5.0,0,0
2026-08-08 16:52:49.496431+00:00,1,1,9.951271204045042e-05,5.0,0,0
2026-08-08 16:52:49.496431+00:00,1,2,9.951271204045042e-05,5.0,0,0
2026-08-08 16:52:54.498924+00:00,1,1,9.951271204045042e-05,5.0,0,0
2026-08-08 16:52:54.498924+00:00,1,2,9.951271204045042e-05,5.0,0,0
2026-08-08 16:52:59.500735+00:00,1,1,9.951271204045042e-05,5.0,0,0
2026-08-08 16:52:59.500735+00:00,1,2,9.951271204045042e-05,5.0,0,0
2026-08-08 16:53:04.501475+00:00,1,1,9.951271204045042e-05,5.0,0,0
2026-08-08 16:53:04.501475+00:00,1,2,9.951271204045042e-05,5.0,0,0
2026-08-08 16:53:09.506588+00:00,1,1,9.951271204045042e-05,5.0,0,0
2026-08-08 16:53:09.506588+00:00,1,2,9.951271204045042e-05,5.0,0,0
2026-08-08 16:53:14.508544+00:00,1,1,9.951271204045042e-05,5.0,0,0
2026-08-08 16:53:14.508544+00:00,1,2,9.951271204045042e-05,5.0,0,0
2026-08-08 16:53:19.510748+00:00,1,1,9.951271204045042e-05,5.0,0,0
2026-08-08 16:53:19.510748+00:00,1,2,9.951271204045042e-05,5.0,0,0
2026-08-08 16:53:24.511863+00:00,1,1,9.951271204045042e-05,5.0,0,0
2026-08-08 16:53:24.511863+00:00,1,2,9.951271204045042e-05,5.0,0,0
2026-08-08 16:53:29.516135+00:00,1,1,9.951271204045042e-05,5.0,0,0
2026-08-08 16:53:29.516135+00:00,1,2,9.951271204045042e-05,5.0,0,0
2026-08-08 16:53:34.520277+00:00,1,1,9.951317042578012e-05,5.0,0,0
2026-08-08 16:53:34.520277+00:00,1,2,9.951317042578012e-05,5.0,0,0
2026-08-08 16:53:39.522521+00:00,1,1,9.951317042578012e-05,5.0,0,0
2026-08-08 16:53:39.522521+00:00,1,2,9.951317042578012e-05,5.0,0,0
2026-08-08 16:53:44.525277+00:00,1,1,9.951271204045042e-05,5.0,0,0
2026-08-08 16:53:44.525277+00:00,1,2,9.951271204045042e-05,5.0,0,0
2026-08-08 16:53:49.529523+00:00,1,1,9.951271204045042e-05,5.0,0,0
2026-08-08 16:53:49.529523+00:00,1,2,9.951271204045042e-05,5.0,0,0
2026-08-08 16:53:54.530629+00:00,1,1,9.951271204045042e-05,5.0,0,0
2026-08-08 16:53:54.530629+00:00,1,2,9.951271204045042e-05,5.0,0,0
2026-08-08 16:53:59.532617+00:00,1,1,9.951271204045042e-05,5.0,0,0
2026-08-08 16:53:59.532617+00:00,1,2,9.951271204045042e-05,5.0,0,0
2026-08-08 16:54:04.533720+00:00,1,1,9.951271204045042e-05,5.0,0,0
2026-08-08 16:54:04.533720+00:00,1,2,9.951271204045042e-05,5.0,0,0
2026-08-08 16:54:09.534865+00:00,1,1,9.951271204045042e-05,5.0,0,0
2026-08-08 16:54:09.534865+00:00,1,2,9.951271204045042e-05,5.0,0,0
2026-08-08 16:54:14.537832+00:00,1,1,9.951271204045042e-05,5.0,0,0
2026-08-08 16:54:14.537832+00:00,1,2,9.951271204045042e-05,5.0,0,0
2026-08-08 16:54:19.538318+00:00,1,1,9.951271204045042e-05,5.0,0,0
2026-08-08 16:54:19.538318+00:00,1,2,9.951271204045042e-05,5.0,0,0
2026-08-08 16:54:24.537947+00:00,1,1,9.951271204045042e-05,5.0,0,0
2026-08-08 16:54:24.537947+00:00,1,2,9.951271204045042e-05,5.0,0,0
2026-08-08 16:54:29.541350+00:00,1,1,9.951271204045042e-05,5.0,0,0
2026-08-08 16:54:29.541350+00:00,1,2,9.951271204045042e-05,5.0,0,0
2026-08-08 16:54:34.542264+00:00,1,1,9.951271204045042e-05,5.0,0,0
2026-08-08 16:54:34.542264+00:00,1,2,9.951271204045042e-05,5.0,0,0
2026-08-08 16:54:39.542520+00:00,1,1,9.951271204045042e-05,5.0,0,0
2026-08-08 16:54:39.542520+00:00,1,2,9.951271204045042e-05,5.0,0,0
2026-08-08 16:54:44.544788+00:00,1,1,9.951271204045042e-05,5.0,0,0
2026-08-08 16:54:44.544788+00:00,1,2,9.951271204045042e-05,5.0,0,0
2026-08-08 16:54:49.545798+00:00,1,1,9.951271204045042e-05,5.0,0,0
2026-08-08 16:54:49.545798+00:00,1,2,9.951271204045042e-05,5.0,0,0
2026-08-08 16:54:54.549295+00:00,1,1,9.951271204045042e-05,5.0,0,0
2026-08-08 16:54:54.549295+00:00,1,2,9.951271204045042e-05,5.0,0,0
2026-08-08 16:54:59.549598+00:00,1,1,9.951271204045042e-05,5.0,0,0
2026-08-08 16:54:59.549598+00:00,1,2,9.951271204045042e-05,5.0,0,0
2026-08-08 16:55:04.552501+00:00,1,1,9.951271204045042e-05,5.0,0,0
2026-08-08 16:55:04.552501+00:00,1,2,9.951271204045042e-05,5.0,0,0
2026-08-08 16:55:09.557585+00:00,1,1,9.951271204045042e-05,5.0,0,0
2026-08-08 16:55:09.557585+00:00,1,2,9.951271204045042e-05,5.0,0,0
2026-08-08 16:55:14.558561+00:00,1,1,9.951271204045042e-05,5.0,0,0
2026-08-08 16:55:14.558561+00:00,1,2,9.951271204045042e-05,5.0,0,0
2026-08-08 16:55:19.558506+00:00,1,1,9.951271204045042e-05,5.0,0,0
2026-08-08 16:55:19.558506+00:00,1,2,9.951271204045042e-05,5.0,0,0
2026-08-08 16:55:24.562320+00:00,1,1,9.951271204045042e-05,5.0,0,0
2026-08-08 16:55:24.562320+00:00,1,2,9.951271204045042e-05,5.0,0,0
2026-08-08 16:55:29.563233+00:00,1,1,9.951271204045042e-05,5.0,0,0
2026-08-08 16:55:29.563233+00:00,1,2,9.951271204045042e-05,5.0,0,0
2026-08-08 16:55:34.563658+00:00,1,1,9.951271204045042e-05,5.0,0,0
2026-08-08 16:55:34.563658+00:00,1,2,9.951271204045042e-05,5.0,0,0
2026-08-08 16:55:39.566153+00:00,1,1,9.951271204045042e-05,5.0,0,0
2026-08-08 16:55:39.566153+00:00,1,2,9.951271204045042e-05,5.0,0,0
2026-08-08 16:55:44.570311+00:00,1,1,9.943442273652181e-05,5.0,0,0
2026-08-08 16:55:44.570311+00:00,1,2,9.951271204045042e-05,5.0,0,0
2026-08-08 16:55:49.572476+00:00,1,1,9.951236279448494e-05,5.0,0,0
2026-08-08 16:55:49.572476+00:00,1,2,9.951271204045042e-05,5.0,0,0
2026-08-08 16:55:54.577356+00:00,1,1,9.951265383278951e-05,5.0,0,0
2026-08-08 16:55:54.577356+00:00,1,2,9.951271204045042e-05,5.0,0,0
2026-08-08 16:55:59.577290+00:00,1,1,9.951293759513646e-05,5.0,0,0
2026-08-08 16:55:59.577290+00:00,1,2,9.951271204045042e-05,5.0,0,0
2026-08-08 16:56:04.579520+00:00,1,1,9.951319225365296e-05,5.0,0,0
2026-08-08 16:56:04.579520+00:00,1,2,9.951271204045042e-05,5.0,0,0
2026-08-08 16:56:09.582161+00:00,1,1,9.951363608706743e-05,5.0,0,0
2026-08-08 16:56:09.582161+00:00,1,2,9.951271204045042e-05,5.0,0,0
2026-08-08 16:56:14.587576+00:00,1,1,9.951271204045042e-05,5.0,0,0
2026-08-08 16:56:14.587576+00:00,1,2,9.951271204045042e-05,5.0,0,0
2026-08-08 16:56:19.588662+00:00,1,1,9.951271204045042e-05,5.0,0,0
2026-08-08 16:56:19.588662+00:00,1,2,9.951271204045042e-05,5.0,0,0
2026-08-08 16:56:24.590747+00:00,1,1,9.951271204045042e-05,5.0,0,0
2026-08-08 16:56:24.590747+00:00,1,2,9.951271204045042e-05,5.0,0,0
2026-08-08 16:56:29.593355+00:00,1,1,9.951271204045042e-05,5.0,0,0
2026-08-08 16:56:29.593355+00:00,1,2,9.951271204045042e-05,5.0,0,0
2026-08-08 16:56:34.596362+00:00,1,1,9.951271204045042e-05,5.0,0,0
2026-08-08 16:56:34.596362+00:00,1,2,9.951271204045042e-05,5.0,0,0
2026-08-08 16:56:39.597816+00:00,1,1,9.951271204045042e-05,5.0,0,0
2026-08-08 16:56:39.597816+00:00,1,2,9.951271204045042e-05,5.0,0,0
2026-08-08 16:56:44.599150+00:00,1,1,9.951271204045042e-05,5.0,0,0
2026-08-08 16:56:44.599150+00:00,1,2,9.951271204045042e-05,5.0,0,0
2026-08-08 16:56:49.601526+00:00,1,1,9.951271204045042e-05,5.0,0,0
2026-08-08 16:56:49.601526+00:00,1,2,9.951271204045042e-05,5.0,0,0
2026-08-08 16:56:54.602943+00:00,1,1,9.951271204045042e-05,5.0,0,0
2026-08-08 16:56:54.602943+00:00,1,2,9.951271204045042e-05,5.0,0,0
2026-08-08 16:56:59.602807+00:00,1,1,9.951271204045042e-05,5.0,0,0
2026-08-08 16:56:59.602807+00:00,1,2,9.951271204045042e-05,5.0,0,0
2026-08-08 16:57:04.605887+00:00,1,1,9.951271204045042e-05,5.0,0,0
2026-08-08 16:57:04.605887+00:00,1,2,9.951271204045042e-05,5.0,0,0
2026-08-08 16:57:09.609783+00:00,1,1,9.951271204045042e-05,5.0,0,0
2026-08-08 16:57:09.609783+00:00,1,2,9.951271204045042e-05,5.0,0,0
2026-08-08 16:57:14.612569+00:00,1,1,9.951271204045042e-05,5.0,0,0
2026-08-08 16:57:14.612569+00:00,1,2,9.951271204045042e-05,5.0,0,0
2026-08-08 16:57:19.614597+00:00,1,1,9.951271204045042e-05,5.0,0,0
2026-08-08 16:57:19.614597+00:00,1,2,9.943437908077613e-05,5.0,0,0
2026-08-08 16:57:24.620360+00:00,1,1,9.951271204045042e-05,5.0,0,0
2026-08-08 16:57:24.620360+00:00,1,2,9.951236279448494e-05,5.0,0,0
2026-08-08 16:57:29.622935+00:00,1,1,9.951271204045042e-05,5.0,0,0
2026-08-08 16:57:29.622935+00:00,1,2,9.951265383278951e-05,5.0,0,0
2026-08-08 16:57:34.624780+00:00,1,1,9.951271204045042e-05,5.0,0,0
2026-08-08 16:57:34.624780+00:00,1,2,9.951293759513646e-05,5.0,0,0
2026-08-08 16:57:39.626867+00:00,1,1,9.951271204045042e-05,5.0,0,0
2026-08-08 16:57:39.626867+00:00,1,2,9.951327228918672e-05,5.0,0,0
2026-08-08 16:57:44.627530+00:00,1,1,9.951317042578012e-05,5.0,0,0
2026-08-08 16:57:44.627530+00:00,1,2,9.951402898877859e-05,5.0,0,0
2026-08-08 16:57:49.628417+00:00,1,1,9.951317042578012e-05,5.0,0,0
2026-08-08 16:57:49.628417+00:00,1,2,9.951317042578012e-05,5.0,0,0
2026-08-08 16:57:54.630944+00:00,1,1,9.951271204045042e-05,5.0,0,0
2026-08-08 16:57:54.630944+00:00,1,2,9.951271204045042e-05,5.0,0,0
2026-08-08 16:57:59.632715+00:00,1,1,9.951271204045042e-05,5.0,0,0
2026-08-08 16:57:59.632715+00:00,1,2,9.951271204045042e-05,5.0,0,0
2026-08-08 16:58:04.634135+00:00,1,1,9.951271204045042e-05,5.0,0,0
2026-08-08 16:58:04.634135+00:00,1,2,9.951271204045042e-05,5.0,0,0
2026-08-08 16:58:09.634603+00:00,1,1,9.951271204045042e-05,5.0,0,0
2026-08-08 16:58:09.634603+00:00,1,2,9.951271204045042e-05,5.0,0,0
2026-08-08 16:58:14.638947+00:00,1,1,9.951271204045042e-05,5.0,0,0
2026-08-08 16:58:14.638947+00:00,1,2,9.951271204045042e-05,5.0,0,0
2026-08-08 16:58:19.639519+00:00,1,1,9.951271204045042e-05,5.0,0,0
2026-08-08 16:58:19.639519+00:00,1,2,9.951271204045042e-05,5.0,0,0
2026-08-08 16:58:24.639687+00:00,1,1,9.951271204045042e-05,5.0,0,0
2026-08-08 16:58:24.639687+00:00,1,2,9.951271204045042e-05,5.0,0,0
2026-08-08 16:58:29.643397+00:00,1,1,9.951271204045042e-05,5.0,0,0
2026-08-08 16:58:29.643397+00:00,1,2,9.951271204045042e-05,5.0,0,0
2026-08-08 16:58:34.645178+00:00,1,1,9.951271204045042e-05,5.0,0,0
2026-08-08 16:58:34.645178+00:00,1,2,9.951271204045042e-05,5.0,0,0
2026-08-08 16:58:39.647323+00:00,1,1,9.951271204045042e-05,5.0,0,0
2026-08-08 16:58:39.647323+00:00,1,2,9.951271204045042e-05,5.0,0,0
2026-08-08 16:58:44.648470+00:00,1,1,9.951271204045042e-05,5.0,0,0
2026-08-08 16:58:44.648470+00:00,1,2,9.951271204045042e-05,5.0,0,0
2026-08-08 16:58:49.649640+00:00,1,1,9.951271204045042e-05,5.0,0,0
2026-08-08 16:58:49.649640+00:00,1,2,9.951271204045042e-05,5.0,0,0
2026-08-08 16:58:54.651724+00:00,1,1,9.951271204045042e-05,5.0,0,0
2026-08-08 16:58:54.651724+00:00,1,2,9.951271204045042e-05,5.0,0,0
2026-08-08 16:58:59.653151+00:00,1,1,9.937260620063171e-05,5.0,0,0
2026-08-08 16:58:59.653151+00:00,1,2,9.93373105302453e-05,5.0,0,0
2026-08-08 16:59:04.655888+00:00,1,1,9.951191896107048e-05,5.0,0,0
2026-08-08 16:59:04.655888+00:00,1,2,9.951189713319764e-05,5.0,0,0
2026-08-08 16:59:09.656928+00:00,1,1,9.951255196938291e-05,5.0,0,0
2026-08-08 16:59:09.656928+00:00,1,2,9.951239917427301e-05,5.0,0,0
2026-08-08 16:59:14.657952+00:00,1,1,9.951335232472047e-05,5.0,0,0
2026-08-08 16:59:14.657952+00:00,1,2,9.951344691216946e-05,5.0,0,0
2026-08-08 16:59:19.663533+00:00,1,1,9.951359970727935e-05,5.0,0,0
2026-08-08 16:59:19.663533+00:00,1,2,9.951422543963417e-05,5.0,0,0
2026-08-08 16:59:24.668367+00:00,1,1,9.951424726750702e-05,5.0,0,0
2026-08-08 16:59:24.668367+00:00,1,2,9.951442189048976e-05,5.0,0,0
2026-08-08 16:59:29.671418+00:00,1,1,9.951271204045042e-05,5.0,0,0
2026-08-08 16:59:29.671418+00:00,1,2,9.951271204045042e-05,5.0,0,0
2026-08-08 16:59:34.671944+00:00,1,1,9.943437908077613e-05,5.0,0,0
2026-08-08 16:59:34.671944+00:00,1,2,9.946980571839958e-05,5.0,0,0
2026-08-08 16:59:39.671925+00:00,1,1,9.951236279448494e-05,5.0,0,0
2026-08-08 16:59:39.671925+00:00,1,2,9.951280662789941e-05,5.0,0,0
2026-08-08 16:59:44.672888+00:00,1,1,9.951265383278951e-05,5.0,0,0
2026-08-08 16:59:44.672888+00:00,1,2,9.951303945854306e-05,5.0,0,0
2026-08-08 16:59:49.673420+00:00,1,1,9.951293759513646e-05,5.0,0,0
2026-08-08 16:59:49.673420+00:00,1,2,9.951333049684763e-05,5.0,0,0
2026-08-08 16:59:54.672865+00:00,1,1,9.951327228918672e-05,5.0,0,0
2026-08-08 16:59:54.672865+00:00,1,2,9.951370157068595e-05,5.0,0,0
2026-08-08 16:59:59.675225+00:00,1,1,9.951379615813494e-05,5.0,0,0
2026-08-08 16:59:59.675225+00:00,1,2,9.951354149961844e-05,5.0,0,0
2026-08-08 17:00:04.676375+00:00,1,1,9.951271204045042e-05,5.0,0,0
2026-08-08 17:00:04.676375+00:00,1,2,9.951271204045042e-05,5.0,0,0
2026-08-08 17:00:09.678752+00:00,1,1,9.951271204045042e-05,5.0,0,0
2026-08-08 17:00:09.678752+00:00,1,2,9.951271204045042e-05,5.0,0,0
2026-08-08 17:00:14.680499+00:00,1,1,9.951271204045042e-05,5.0,0,0
2026-08-08 17:00:14.680499+00:00,1,2,9.951271204045042e-05,5.0,0,0
2026-08-08 17:00:19.681277+00:00,1,1,9.951271204045042e-05,5.0,0,0
2026-08-08 17:00:19.681277+00:00,1,2,9.951271204045042e-05,5.0,0,0
2026-08-08 17:00:24.684348+00:00,1,1,9.951271204045042e-05,5.0,0,0
2026-08-08 17:00:24.684348+00:00,1,2,9.951271204045042e-05,5.0,0,0
2026-08-08 17:00:29.685413+00:00,1,1,9.951271204045042e-05,5.0,0,0
2026-08-08 17:00:29.685413+00:00,1,2,9.951271204045042e-05,5.0,0,0
2026-08-08 17:00:34.685786+00:00,1,1,9.951271204045042e-05,5.0,0,0
2026-08-08 17:00:34.685786+00:00,1,2,9.951271204045042e-05,5.0,0,0
2026-08-08 17:00:39.687269+00:00,1,1,9.951271204045042e-05,5.0,0,0
2026-08-08 17:00:39.687269+00:00,1,2,9.951271204045042e-05,5.0,0,0
2026-08-08 17:00:44.689025+00:00,1,1,9.951271204045042e-05,5.0,0,0
2026-08-08 17:00:44.689025+00:00,1,2,9.951271204045042e-05,5.0,0,0
2026-08-08 17:00:49.691291+00:00,1,1,9.951271204045042e-05,5.0,0,0
2026-08-08 17:00:49.691291+00:00,1,2,9.951271204045042e-05,5.0,0,0
2026-08-08 17:00:54.692223+00:00,1,1,9.951271204045042e-05,5.0,0,0
2026-08-08 17:00:54.692223+00:00,1,2,9.951271204045042e-05,5.0,0,0
2026-08-08 17:00:59.694050+00:00,1,1,9.951271204045042e-05,5.0,0,0
2026-08-08 17:00:59.694050+00:00,1,2,9.951271204045042e-05,5.0,0,0
2026-08-08 17:01:04.698081+00:00,1,1,9.951271204045042e-05,5.0,0,0
2026-08-08 17:01:04.698081+00:00,1,2,9.951271204045042e-05,5.0,0,0
2026-08-08 17:01:09.699875+00:00,1,1,9.951271204045042e-05,5.0,0,0
2026-08-08 17:01:09.699875+00:00,1,2,9.951271204045042e-05,5.0,0,0
2026-08-08 17:01:14.699936+00:00,1,1,9.951271204045042e-05,5.0,0,0
2026-08-08 17:01:14.699936+00:00,1,2,9.951271204045042e-05,5.0,0,0
2026-08-08 17:01:19.701129+00:00,1,1,9.951271204045042e-05,5.0,0,0
2026-08-08 17:01:19.701129+00:00,1,2,9.951271204045042e-05,5.0,0,0
2026-08-08 17:01:24.701728+00:00,1,1,9.951271204045042e-05,5.0,0,0
2026-08-08 17:01:24.701728+00:00,1,2,9.951271204045042e-05,5.0,0,0
2026-08-08 17:01:29.706472+00:00,1,1,9.951271204045042e-05,5.0,0,0
2026-08-08 17:01:29.706472+00:00,1,2,9.951271204045042e-05,5.0,0,0
2026-08-08 17:01:34.706656+00:00,1,1,9.951271204045042e-05,5.0,0,0
2026-08-08 17:01:34.706656+00:00,1,2,9.951271204045042e-05,5.0,0,0
2026-08-08 17:01:39.708954+00:00,1,1,9.951271204045042e-05,5.0,0,0
2026-08-08 17:01:39.708954+00:00,1,2,9.951271204045042e-05,5.0,0,0
2026-08-08 17:01:44.710943+00:00,1,1,9.951271204045042e-05,5.0,0,0
2026-08-08 17:01:44.710943+00:00,1,2,9.951271204045042e-05,5.0,0,0
2026-08-08 17:01:49.713108+00:00,1,1,9.951271204045042e-05,5.0,0,0
2026-08-08 17:01:49.713108+00:00,1,2,9.951271204045042e-05,5.0,0,0
2026-08-08 17:01:54.716214+00:00,1,1,9.951317042578012e-05,5.0,0,0
2026-08-08 17:01:54.716214+00:00,1,2,9.951317042578012e-05,5.0,0,0
2026-08-08 17:01:59.717492+00:00,1,1,9.951317042578012e-05,5.0,0,0
2026-08-08 17:01:59.717492+00:00,1,2,9.951317042578012e-05,5.0,0,0
2026-08-08 17:02:04.722270+00:00,1,1,9.951271204045042e-05,5.0,0,0
2026-08-08 17:02:04.722270+00:00,1,2,9.951271204045042e-05,5.0,0,0
2026-08-08 17:02:09.722321+00:00,1,1,9.951271204045042e-05,5.0,0,0
2026-08-08 17:02:09.722321+00:00,1,2,9.951271204045042e-05,5.0,0,0
2026-08-08 17:02:14.723196+00:00,1,1,9.951271204045042e-05,5.0,0,0
2026-08-08 17:02:14.723196+00:00,1,2,9.951271204045042e-05,5.0,0,0
2026-08-08 17:02:19.725609+00:00,1,1,9.951271204045042e-05,5.0,0,0
2026-08-08 17:02:19.725609+00:00,1,2,9.951271204045042e-05,5.0,0,0
2026-08-08 17:02:24.726881+00:00,1,1,9.951271204045042e-05,5.0,0,0
2026-08-08 17:02:24.726881+00:00,1,2,9.951271204045042e-05,5.0,0,0
2026-08-08 17:02:29.727479+00:00,1,1,9.951271204045042e-05,5.0,0,0
2026-08-08 17:02:29.727479+00:00,1,2,9.951271204045042e-05,5.0,0,0
2026-08-08 17:02:34.732494+00:00,1,1,9.951271204045042e-05,5.0,0,0
2026-08-08 17:02:34.732494+00:00,1,2,9.951271204045042e-05,5.0,0,0
2026-08-08 17:02:39.731690+00:00,1,1,9.951271204045042e-05,5.0,0,0
2026-08-08 17:02:39.731690+00:00,1,2,9.951271204045042e-05,5.0,0,0
2026-08-08 17:02:44.735791+00:00,1,1,9.951271204045042e-05,5.0,0,0
2026-08-08 17:02:44.735791+00:00,1,2,9.951271204045042e-05,5.0,0,0
2026-08-08 17:02:49.740049+00:00,1,1,9.951271204045042e-05,5.0,0,0
2026-08-08 17:02:49.740049+00:00,1,2,9.951271204045042e-05,5.0,0,0
2026-08-08 17:02:54.738948+00:00,1,1,9.951271204045042e-05,5.0,0,0
2026-08-08 17:02:54.738948+00:00,1,2,9.951271204045042e-05,5.0,0,0
2026-08-08 17:02:59.740258+00:00,1,1,9.951271204045042e-05,5.0,0,0
2026-08-08 17:02:59.740258+00:00,1,2,9.951271204045042e-05,5.0,0,0
2026-08-08 17:03:04.740876+00:00,1,1,9.951271204045042e-05,5.0,0,0
2026-08-08 17:03:04.740876+00:00,1,2,9.951271204045042e-05,5.0,0,0
2026-08-08 17:03:09.745322+00:00,1,1,9.951271204045042e-05,5.0,0,0
2026-08-08 17:03:09.745322+00:00,1,2,9.951271204045042e-05,5.0,0,0
2026-08-08 17:03:14.746489+00:00,1,1,9.951271204045042e-05,5.0,0,0
2026-08-08 17:03:14.746489+00:00,1,2,9.951271204045042e-05,5.0,0,0
2026-08-08 17:03:19.750751+00:00,1,1,9.951271204045042e-05,5.0,0,0
2026-08-08 17:03:19.750751+00:00,1,2,9.951271204045042e-05,5.0,0,0
2026-08-08 17:03:24.754414+00:00,1,1,9.951271204045042e-05,5.0,0,0
2026-08-08 17:03:24.754414+00:00,1,2,9.951271204045042e-05,5.0,0,0
2026-08-08 17:03:29.758472+00:00,1,1,9.951271204045042e-05,5.0,0,0
2026-08-08 17:03:29.758472+00:00,1,2,9.951271204045042e-05,5.0,0,0
2026-08-08 17:03:34.762929+00:00,1,1,9.951271204045042e-05,5.0,0,0
2026-08-08 17:03:34.762929+00:00,1,2,9.951271204045042e-05,5.0,0,0
2026-08-08 17:03:39.768305+00:00,1,1,9.951271204045042e-05,5.0,0,0
2026-08-08 17:03:39.768305+00:00,1,2,9.951271204045042e-05,5.0,0,0
2026-08-08 17:03:44.773887+00:00,1,1,9.951271204045042e-05,5.0,0,0
2026-08-08 17:03:44.773887+00:00,1,2,9.951271204045042e-05,5.0,0,0
2026-08-08 17:03:49.772084+00:00,1,1,9.951271204045042e-05,5.0,0,0
2026-08-08 17:03:49.772084+00:00,1,2,9.951271204045042e-05,5.0,0,0
2026-08-08 17:03:54.773742+00:00,1,1,9.951271204045042e-05,5.0,0,0
2026-08-08 17:03:54.773742+00:00,1,2,9.951271204045042e-05,5.0,0,0
2026-08-08 17:03:59.777690+00:00,1,1,9.951271204045042e-05,5.0,0,0
2026-08-08 17:03:59.777690+00:00,1,2,9.951271204045042e-05,5.0,0,0
2026-08-08 17:04:04.778115+00:00,1,1,9.951271204045042e-05,5.0,0,0
2026-08-08 17:04:04.778115+00:00,1,2,9.951271204045042e-05,5.0,0,0
2026-08-08 17:04:09.781631+00:00,1,1,9.951271204045042e-05,5.0,0,0
2026-08-08 17:04:09.781631+00:00,1,2,9.951271204045042e-05,5.0,0,0
2026-08-08 17:04:14.785907+00:00,1,1,9.951271204045042e-05,5.0,0,0
2026-08-08 17:04:14.785907+00:00,1,2,9.951271204045042e-05,5.0,0,0
2026-08-08 17:04:19.786742+00:00,1,1,9.951271204045042e-05,5.0,0,0
2026-08-08 17:04:19.786742+00:00,1,2,9.951271204045042e-05,5.0,0,0
2026-08-08 17:04:24.789357+00:00,1,1,9.951271204045042e-05,5.0,0,0
2026-08-08 17:04:24.789357+00:00,1,2,9.951271204045042e-05,5.0,0,0
2026-08-08 17:04:29.789755+00:00,1,1,9.951271204045042e-05,5.0,0,0
2026-08-08 17:04:29.789755+00:00,1,2,9.951271204045042e-05,5.0,0,0
2026-08-08 17:04:34.793414+00:00,1,1,9.951271204045042e-05,5.0,0,0
2026-08-08 17:04:34.793414+00:00,1,2,9.951271204045042e-05,5.0,0,0
2026-08-08 17:04:39.799301+00:00,1,1,9.951271204045042e-05,5.0,0,0
2026-08-08 17:04:39.799301+00:00,1,2,9.951271204045042e-05,5.0,0,0
2026-08-08 17:04:44.801877+00:00,1,1,9.951271204045042e-05,5.0,0,0
2026-08-08 17:04:44.801877+00:00,1,2,9.951271204045042e-05,5.0,0,0
2026-08-08 17:04:49.804888+00:00,1,1,9.951271204045042e-05,5.0,0,0
2026-08-08 17:04:49.804888+00:00,1,2,9.951271204045042e-05,5.0,0,0
2026-08-08 17:04:54.810805+00:00,1,1,9.951271204045042e-05,5.0,0,0
2026-08-08 17:04:54.810805+00:00,1,2,9.951271204045042e-05,5.0,0,0
2026-08-08 17:04:59.814202+00:00,1,1,9.951271204045042e-05,5.0,0,0
2026-08-08 17:04:59.814202+00:00,1,2,9.951271204045042e-05,5.0,0,0
2026-08-08 17:05:04.818857+00:00,1,1,9.951271204045042e-05,5.0,0,0
2026-08-08 17:05:04.818857+00:00,1,2,9.951271204045042e-05,5.0,0,0
2026-08-08 17:05:09.822538+00:00,1,1,9.951271204045042e-05,5.0,0,0
2026-08-08 17:05:09.822538+00:00,1,2,9.951271204045042e-05,5.0,0,0
2026-08-08 17:05:14.823029+00:00,1,1,9.951271204045042e-05,5.0,0,0
2026-08-08 17:05:14.823029+00:00,1,2,9.951271204045042e-05,5.0,0,0
2026-08-08 17:05:19.823810+00:00,1,1,9.951271204045042e-05,5.0,0,0
2026-08-08 17:05:19.823810+00:00,1,2,9.951271204045042e-05,5.0,0,0
2026-08-08 17:05:24.825953+00:00,1,1,9.951271204045042e-05,5.0,0,0
2026-08-08 17:05:24.825953+00:00,1,2,9.951271204045042e-05,5.0,0,0
2026-08-08 17:05:29.825728+00:00,1,1,9.951271204045042e-05,5.0,0,0
2026-08-08 17:05:29.825728+00:00,1,2,9.951271204045042e-05,5.0,0,0
2026-08-08 17:05:34.830211+00:00,1,1,9.951271204045042e-05,5.0,0,0
2026-08-08 17:05:34.830211+00:00,1,2,9.951271204045042e-05,5.0,0,0
2026-08-08 17:05:39.830768+00:00,1,1,9.951271204045042e-05,5.0,0,0
2026-08-08 17:05:39.830768+00:00,1,2,9.951271204045042e-05,5.0,0,0
2026-08-08 17:05:44.833844+00:00,1,1,9.951271204045042e-05,5.0,0,0
2026-08-08 17:05:44.833844+00:00,1,2,9.951271204045042e-05,5.0,0,0
2026-08-08 17:05:49.836480+00:00,1,1,9.951271204045042e-05,5.0,0,0
2026-08-08 17:05:49.836480+00:00,1,2,9.951271204045042e-05,5.0,0,0
2026-08-08 17:05:54.836053+00:00,1,1,9.951271204045042e-05,5.0,0,0
2026-08-08 17:05:54.836053+00:00,1,2,9.951271204045042e-05,5.0,0,0
2026-08-08 17:05:59.837645+00:00,1,1,9.951271204045042e-05,5.0,0,0
2026-08-08 17:05:59.837645+00:00,1,2,9.951271204045042e-05,5.0,0,0
2026-08-08 17:06:04.838136+00:00,1,1,9.951317042578012e-05,5.0,0,0
2026-08-08 17:06:04.838136+00:00,1,2,9.951317042578012e-05,5.0,0,0
2026-08-08 17:06:09.839953+00:00,1,1,9.951317042578012e-05,5.0,0,0
2026-08-08 17:06:09.839953+00:00,1,2,9.951317042578012e-05,5.0,0,0
2026-08-08 17:06:14.845184+00:00,1,1,9.951271204045042e-05,5.0,0,0
2026-08-08 17:06:14.845184+00:00,1,2,9.951271204045042e-05,5.0,0,0
2026-08-08 17:06:19.849833+00:00,1,1,9.951271204045042e-05,5.0,0,0
2026-08-08 17:06:19.849833+00:00,1,2,9.951271204045042e-05,5.0,0,0
2026-08-08 17:06:24.851394+00:00,1,1,9.951271204045042e-05,5.0,0,0
2026-08-08 17:06:24.851394+00:00,1,2,9.951271204045042e-05,5.0,0,0
2026-08-08 17:06:29.854471+00:00,1,1,9.951271204045042e-05,5.0,0,0
2026-08-08 17:06:29.854471+00:00,1,2,9.951271204045042e-05,5.0,0,0
2026-08-08 17:06:34.856517+00:00,1,1,9.951271204045042e-05,5.0,0,0
2026-08-08 17:06:34.856517+00:00,1,2,9.951271204045042e-05,5.0,0,0
2026-08-08 17:06:39.857835+00:00,1,1,9.951271204045042e-05,5.0,0,0
2026-08-08 17:06:39.857835+00:00,1,2,9.951271204045042e-05,5.0,0,0
2026-08-08 17:06:44.861754+00:00,1,1,9.951271204045042e-05,5.0,0,0
2026-08-08 17:06:44.861754+00:00,1,2,9.951271204045042e-05,5.0,0,0
2026-08-08 17:06:49.862941+00:00,1,1,9.951271204045042e-05,5.0,0,0
2026-08-08 17:06:49.862941+00:00,1,2,9.951271204045042e-05,5.0,0,0
2026-08-08 17:06:54.864651+00:00,1,1,9.951271204045042e-05,5.0,0,0
2026-08-08 17:06:54.864651+00:00,1,2,9.951271204045042e-05,5.0,0,0
2026-08-08 17:06:59.867380+00:00,1,1,9.951271204045042e-05,5.0,0,0
2026-08-08 17:06:59.867380+00:00,1,2,9.951271204045042e-05,5.0,0,0
2026-08-08 17:07:04.867691+00:00,1,1,9.951271204045042e-05,5.0,0,0
2026-08-08 17:07:04.867691+00:00,1,2,9.951271204045042e-05,5.0,0,0
2026-08-08 17:07:09.867757+00:00,1,1,9.951271204045042e-05,5.0,0,0
2026-08-08 17:07:09.867757+00:00,1,2,9.951271204045042e-05,5.0,0,0
2026-08-29 21:50:25.859734+00:00,1,1,9.690658771432936e-05,5.0,0,0
2026-08-29 21:50:25.859734+00:00,1,2,9.695636254036799e-05,5.0,0,0
2026-08-29 21:50:30.956016+00:00,1,1,6.321970431599766e-05,5.0,0,0
2026-08-29 21:50:30.956016+00:00,1,2,6.333185592666268e-05,5.0,0,0
2026-08-29 21:50:36.228650+00:00,1,1,6.508622027467936e-05,5.0,0,0
2026-08-29 21:50:36.228650+00:00,1,2,6.50664369459264e-05,5.0,0,0
2026-08-29 21:56:52.232605+00:00,1,1,8.91696399776265e-05,5.0,0,0
2026-08-29 21:56:52.232605+00:00,1,2,8.914781210478395e-05,5.0,0,0
2026-08-29 21:56:57.304861+00:00,1,1,6.584143557120115e-05,5.0,0,0
2026-08-29 21:56:57.304861+00:00,1,2,6.584182847291231e-05,5.0,0,0
2026-08-29 21:57:03.190304+00:00,1,1,6.958357698749751e-05,5.0,0,0
2026-08-29 21:57:03.190304+00:00,1,2,6.961746839806437e-05,5.0,0,0
2026-08-29 22:01:44.683003+00:00,2,1,8.903594425646588e-05,5.0,0,0
2026-08-29 22:01:44.683003+00:00,2,2,8.91603049240075e-05,5.0,0,0
2026-08-29 22:01:44.683003+00:00,2,3,8.22457586764358e-05,5.0,0,0
2026-08-29 22:01:44.683003+00:00,2,4,7.637158705620095e-05,5.0,0,0
2026-08-29 22:01:44.700695+00:00,3,1,8.151611837092787e-05,5.0,0,0
2026-08-29 22:01:44.700695+00:00,3,2,7.615700451424345e-05,5.0,0,0
2026-08-29 22:01:44.716519+00:00,1,1,8.887315925676376e-05,5.0,0,0
2026-08-29 22:01:44.716519+00:00,1,2,8.889483433449641e-05,5.0,0,0
2026-08-29 22:01:44.716519+00:00,1,3,7.554520561825484e-05,5.0,0,0
2026-08-29 22:01:44.716519+00:00,1,4,8.174731920007616e-05,5.0,0,0
2026-08-29 22:01:49.778688+00:00,3,1,7.583513797726482e-05,5.0,0,0
2026-08-29 22:01:49.778688+00:00,3,2,7.892237772466615e-05,5.0,0,0
2026-08-29 22:01:49.823295+00:00,2,1,6.978935562074184e-05,5.0,0,0
2026-08-29 22:01:49.823295+00:00,2,2,6.963108171476051e-05,5.0,0,0
2026-08-29 22:01:49.823295+00:00,2,3,7.540920341853052e-05,5.0,0,0
2026-08-29 22:01:49.823295+00:00,2,4,7.941181684145704e-05,5.0,0,0
2026-08-29 22:01:49.893478+00:00,1,1,7.054481829982251e-05,5.0,0,0
2026-08-29 22:01:49.893478+00:00,1,2,7.051821012282744e-05,5.0,0,0
2026-08-29 22:01:49.893478+00:00,1,3,7.88581237429753e-05,5.0,0,0
2026-08-29 22:01:49.893478+00:00,1,4,7.593481859657913e-05,5.0,0,0
2026-08-29 22:01:54.988637+00:00,3,1,4.2863359451293945,5.0,0,0
2026-08-29 22:01:54.988637+00:00,3,2,2.1304078102111816,5.0,0,0
2026-08-29 22:01:55.305360+00:00,2,1,7.280743011506274e-05,5.0,0,0
2026-08-29 22:01:55.305360+00:00,2,2,7.307445048354566e-05,5.0,0,0
2026-08-29 22:01:55.305360+00:00,2,3,4.077300071716309,5.0,0,0
2026-08-29 22:01:55.305360+00:00,2,4,2.1304659843444824,5.0,0,0
2026-08-29 22:01:55.331842+00:00,1,1,7.299133721971884e-05,5.0,0,0
2026-08-29 22:01:55.331842+00:00,1,2,7.281199941644445e-05,5.0,0,0
2026-08-29 22:01:55.331842+00:00,1,3,2.1302342414855957,5.0,0,0
2026-08-29 22:01:55.331842+00:00,1,4,4.108090877532959,5.0,0,0
2026-08-29 22:08:57.335919+00:00,3,1,0.022381961345672607,5.0,0,0
2026-08-29 22:08:57.335919+00:00,3,2,0.01171461958438158,5.0,0,0
2026-08-29 22:08:57.353854+00:00,1,1,9.668608254287392e-05,5.0,0,0
2026-08-29 22:08:57.353854+00:00,1,2,9.673360909800977e-05,5.0,0,0
2026-08-29 22:08:57.353854+00:00,1,3,0.011708980426192284,5.0,0,0
2026-08-29 22:08:57.353854+00:00,1,4,0.020939284935593605,5.0,0,0
2026-08-29 22:08:57.367743+00:00,2,1,9.655860776547343e-05,5.0,0,0
2026-08-29 22:08:57.367743+00:00,2,2,9.65593644650653e-05,5.0,0,0
2026-08-29 22:08:57.367743+00:00,2,3,0.020697657018899918,5.0,0,0
2026-08-29 22:08:57.367743+00:00,2,4,0.011723260395228863,5.0,0,0
2026-08-29 22:09:02.350971+00:00,1,1,6.286780262598768e-05,5.0,0,0
2026-08-29 22:09:02.350971+00:00,1,2,6.294747436186299e-05,5.0,0,0
2026-08-29 22:09:02.350971+00:00,1,3,0.017075108364224434,5.0,0,0
2026-08-29 22:09:02.350971+00:00,1,4,0.019802872091531754,5.0,0,0
2026-08-29 22:09:02.398563+00:00,2,1,6.365644367178902e-05,5.0,0,0
2026-08-29 22:09:02.398563+00:00,2,2,6.370934715960175e-05,5.0,0,0
2026-08-29 22:09:02.398563+00:00,2,3,0.019576096907258034,5.0,0,0
2026-08-29 22:09:02.398563+00:00,2,4,0.016987863928079605,5.0,0,0
2026-08-29 22:09:02.481914+00:00,3,1,0.021277138963341713,5.0,0,0
2026-08-29 22:09:02.481914+00:00,3,2,0.017030052840709686,5.0,0,0
2026-08-29 22:09:07.558101+00:00,3,1,0.08147896826267242,5.0,0,0
2026-08-29 22:09:07.558101+00:00,3,2,0.06481650471687317,5.0,0,0
2026-08-29 22:09:07.593560+00:00,2,1,6.279887747950852e-05,5.0,0,0
2026-08-29 22:09:07.593560+00:00,2,2,6.28852576483041e-05,5.0,0,0
2026-08-29 22:09:07.593560+00:00,2,3,0.06942405551671982,5.0,0,0
2026-08-29 22:09:07.593560+00:00,2,4,0.06483541429042816,5.0,0,0
2026-08-29 22:09:07.749840+00:00,1,1,6.421930447686464e-05,5.0,0,0
2026-08-29 22:09:07.749840+00:00,1,2,6.411413050955161e-05,5.0,0,0
2026-08-29 22:09:07.749840+00:00,1,3,0.06477809697389603,5.0,0,0
2026-08-29 22:09:07.749840+00:00,1,4,0.07110406458377838,5.0,0,0
2026-08-29 22:09:14.503482+00:00,3,1,0.026280105113983154,5.0,0,0
2026-08-29 22:09:14.503482+00:00,3,2,0.008606253191828728,5.0,0,0
2026-08-29 22:09:15.729900+00:00,2,1,7.600763638038188e-05,5.0,0,0
2026-08-29 22:09:15.729900+00:00,2,2,7.631966582266614e-05,5.0,0,0
2026-08-29 22:09:15.729900+00:00,2,3,0.0645950511097908,5.0,0,0
2026-08-29 22:09:15.729900+00:00,2,4,0.00860597100108862,5.0,0,0
2026-08-29 22:09:16.158642+00:00,1,1,7.648111932212487e-05,5.0,0,0
2026-08-29 22:09:16.158642+00:00,1,2,7.683118019485846e-05,5.0,0,0
2026-08-29 22:09:16.158642+00:00,1,3,0.00867701880633831,5.0,0,0
2026-08-29 22:09:16.158642+00:00,1,4,0.07433129847049713,5.0,0,0
2026-08-29 22:09:19.075191+00:00,3,1,0.8608570098876953,5.0,1,0
2026-08-29 22:09:19.075191+00:00,3,2,0.047433383762836456,5.0,0,0
2026-08-29 22:09:21.880280+00:00,2,1,9.418839908903465e-05,5.0,0,0
2026-08-29 22:09:21.880280+00:00,2,2,9.429780766367912e-05,5.0,0,0
2026-08-29 22:09:21.880280+00:00,2,3,0.05723828077316284,5.0,0,0
2026-08-29 22:09:21.880280+00:00,2,4,0.047444261610507965,5.0,0,0
2026-08-29 22:09:26.041768+00:00,1,1,9.541562758386135e-05,5.0,0,0
2026-08-29 22:09:26.041768+00:00,1,2,9.538914309814572e-05,5.0,0,0
2026-08-29 22:09:26.041768+00:00,1,3,0.04743930324912071,5.0,0,0
2026-08-29 22:09:26.041768+00:00,1,4,1.875809907913208,5.0,0,0
2026-08-29 22:09:26.146040+00:00,3,1,0.473306268453598,5.0,0,0
2026-08-29 22:09:26.146040+00:00,3,2,0.2071751356124878,5.0,0,0
2026-08-29 22:09:28.255944+00:00,2,1,9.690062142908573e-05,5.0,0,0
2026-08-29 22:09:28.255944+00:00,2,2,9.685403347248212e-05,5.0,0,0
2026-08-29 22:09:28.255944+00:00,2,3,0.17449061572551727,5.0,0,0
2026-08-29 22:09:28.255944+00:00,2,4,0.20721395313739777,5.0,0,0
2026-08-29 22:09:30.752448+00:00,1,1,9.635246533434838e-05,5.0,0,0
2026-08-29 22:09:30.752448+00:00,1,2,9.629064879845828e-05,5.0,0,0
2026-08-29 22:09:30.752448+00:00,1,3,0.2072226107120514,5.0,0,0
2026-08-29 22:09:30.752448+00:00,1,4,0.7972704172134399,5.0,1,0
2026-08-29 22:09:31.083784+00:00,3,1,0.06135294958949089,5.0,1,0
2026-08-29 22:09:31.083784+00:00,3,2,0.025937845930457115,5.0,0,0
2026-08-29 22:09:31.329041+00:00,2,1,9.582981147104874e-05,5.0,0,0
2026-08-29 22:09:31.329041+00:00,2,2,9.568009409122169e-05,5.0,0,0
2026-08-29 22:09:31.329041+00:00,2,3,6.214667320251465,5.0,1,1
2026-08-29 22:09:31.329041+00:00,2,4,0.025949642062187195,5.0,0,0
2026-08-29 22:09:31.487662+00:00,1,1,8.603747119195759e-05,5.0,0,0
2026-08-29 22:09:31.487662+00:00,1,2,8.631144009996206e-05,5.0,0,0
2026-08-29 22:09:31.487662+00:00,1,3,0.026001691818237305,5.0,0,0
2026-08-29 22:09:31.487662+00:00,1,4,521.076416015625,5.0,1,1
2026-08-29 22:09:33.055246+00:00,3,1,37.14656448364258,5.0,1,1
2026-08-29 22:09:33.055246+00:00,3,2,0.027414435520768166,5.0,0,0
2026-08-29 22:09:33.179370+00:00,2,1,7.659924449399114e-05,5.0,0,0
2026-08-29 22:09:33.179370+00:00,2,2,7.674684457015246e-05,5.0,0,0
2026-08-29 22:09:33.179370+00:00,2,3,45.619598388671875,5.0,1,1
2026-08-29 22:09:33.179370+00:00,2,4,0.027406925335526466,5.0,0,0
2026-08-29 22:09:34.449210+00:00,1,1,8.270214311778545e-05,5.0,0,0
2026-08-29 22:09:34.449210+00:00,1,2,8.283894567284733e-05,5.0,0,0
2026-08-29 22:09:34.449210+00:00,1,3,0.027401160448789597,5.0,0,0
2026-08-29 22:09:34.449210+00:00,1,4,7.511963844299316,5.0,1,1
2026-08-29 22:09:37.746692+00:00,3,1,0.17623931169509888,5.0,1,0
2026-08-29 22:09:37.746692+00:00,3,2,0.023294303566217422,5.0,0,0
2026-08-29 22:09:37.820635+00:00,2,1,8.028655429370701e-05,5.0,0,0
2026-08-29 22:09:37.820635+00:00,2,2,8.008404256543145e-05,5.0,0,0
2026-08-29 22:09:37.820635+00:00,2,3,0.2076282501220703,5.0,1,0
2026-08-29 22:09:37.820635+00:00,2,4,0.023307647556066513,5.0,0,0
2026-08-29 22:09:37.932028+00:00,1,1,7.669901970075443e-05,5.0,0,0
2026-08-29 22:09:37.932028+00:00,1,2,7.669911428820342e-05,5.0,0,0
2026-08-29 22:09:37.932028+00:00,1,3,0.023307207971811295,5.0,0,0
2026-08-29 22:09:37.932028+00:00,1,4,3.341881513595581,5.0,1,0
2026-08-29 22:09:51.460918+00:00,3,1,6.321591854095459,5.0,1,1
2026-08-29 22:09:51.460918+00:00,3,2,0.05199354887008667,5.0,1,0
2026-08-29 22:09:51.652145+00:00,1,1,7.449489930877462e-05,5.0,1,0
2026-08-29 22:09:51.652145+00:00,1,2,7.449727127095684e-05,5.0,1,0
2026-08-29 22:09:51.652145+00:00,1,3,0.05225002020597458,5.0,1,0
2026-08-29 22:09:51.652145+00:00,1,4,6.306199073791504,5.0,1,1
2026-08-29 22:09:52.501503+00:00,3,1,260.7207946777344,5.0,1,1
2026-08-29 22:09:52.501503+00:00,3,2,0.0678483247756958,5.0,1,0
2026-08-29 22:09:52.696870+00:00,1,1,7.030675624264404e-05,5.0,1,0
2026-08-29 22:09:52.696870+00:00,1,2,7.030847336864099e-05,5.0,1,0
2026-08-29 22:09:52.696870+00:00,1,3,0.06787282228469849,5.0,1,0
2026-08-29 22:09:52.696870+00:00,1,4,258.34820556640625,5.0,1,1
2026-08-29 22:09:55.108686+00:00,3,1,17.042531967163086,5.0,1,1
2026-08-29 22:09:55.108686+00:00,3,2,0.07347947359085083,5.0,1,0
2026-08-29 22:09:55.310390+00:00,1,1,6.60734876873903e-05,5.0,1,0
2026-08-29 22:09:55.310390+00:00,1,2,6.607294926652685e-05,5.0,1,0
2026-08-29 22:09:55.310390+00:00,1,3,0.07351650297641754,5.0,1,0
2026-08-29 22:09:55.310390+00:00,1,4,16.900075912475586,5.0,1,1
2026-08-29 22:09:55.487323+00:00,2,1,5.6890501582529396e-05,5.0,1,0
2026-08-29 22:09:55.487323+00:00,2,2,7.671038474654779e-05,5.0,1,0
2026-08-29 22:09:55.487323+00:00,2,3,8.096681594848633,5.0,1,1
2026-08-29 22:09:55.487323+00:00,2,4,0.0524575300514698,5.0,1,0
2026-08-29 22:10:06.124286+00:00,2,1,6.539097375934944e-05,5.0,0,0
2026-08-29 22:10:06.124286+00:00,2,2,9.123567724600434e-05,5.0,0,0
2026-08-29 22:10:06.124286+00:00,2,3,4.203434944152832,5.0,0,0
2026-08-29 22:10:06.124286+00:00,2,4,0.0679367259144783,5.0,0,0
2026-08-29 22:10:06.505131+00:00,3,1,4.675515651702881,5.0,0,0
2026-08-29 22:10:06.505131+00:00,3,2,0.08609636127948761,5.0,0,0
2026-08-29 22:10:06.699480+00:00,1,1,7.297903357539326e-05,5.0,0,0
2026-08-29 22:10:06.699480+00:00,1,2,7.298694981727749e-05,5.0,0,0
2026-08-29 22:10:06.699480+00:00,1,3,0.08622665703296661,5.0,0,0
2026-08-29 22:10:06.699480+00:00,1,4,4.672508239746094,5.0,0,0
2026-08-29 22:10:09.680877+00:00,3,1,7.3203935623168945,5.0,1,1
2026-08-29 22:10:09.680877+00:00,3,2,0.08694908022880554,5.0,0,0
2026-08-29 22:10:09.880296+00:00,1,1,7.000910409260541e-05,5.0,0,0
2026-08-29 22:10:09.880296+00:00,1,2,7.000912592047825e-05,5.0,0,0
2026-08-29 22:10:09.880296+00:00,1,3,0.08705194294452667,5.0,0,0
2026-08-29 22:10:09.880296+00:00,1,4,7.2631988525390625,5.0,1,1
2026-08-29 22:10:18.080775+00:00,3,1,2.36443829536438,5.0,0,0
2026-08-29 22:10:18.080775+00:00,3,2,0.08263564109802246,5.0,0,0
2026-08-29 22:10:18.462886+00:00,1,1,6.965491047594696e-05,5.0,0,0
2026-08-29 22:10:18.462886+00:00,1,2,6.963378109503537e-05,5.0,0,0
2026-08-29 22:10:18.462886+00:00,1,3,0.08292952179908752,5.0,0,0
2026-08-29 22:10:18.462886+00:00,1,4,2.5258491039276123,5.0,0,0
2026-08-29 22:17:37.413099+00:00,3,1,32.26557540893555,5.0,0,1
2026-08-29 22:17:37.413099+00:00,3,2,15.473856925964355,5.0,0,1
2026-08-29 22:17:37.429189+00:00,1,1,9.445145406061783e-05,5.0,0,0
2026-08-29 22:17:37.429189+00:00,1,2,9.443499584449455e-05,5.0,0,0
2026-08-29 22:17:37.429189+00:00,1,3,15.473892211914062,5.0,0,1
2026-08-29 22:17:37.429189+00:00,1,4,32.26563262939453,5.0,0,1
2026-08-29 22:17:37.441713+00:00,2,1,9.424956806469709e-05,5.0,0,0
2026-08-29 22:17:37.441713+00:00,2,2,9.468603093409911e-05,5.0,0,0
2026-08-29 22:17:37.441713+00:00,2,3,32.27322769165039,5.0,0,1
2026-08-29 22:17:37.441713+00:00,2,4,15.467233657836914,5.0,0,1
2026-08-29 22:17:42.429990+00:00,1,1,6.668474088655785e-05,5.0,0,0
2026-08-29 22:17:42.429990+00:00,1,2,6.658733036601916e-05,5.0,0,0
2026-08-29 22:17:42.429990+00:00,1,3,15.42724895477295,5.0,0,1
2026-08-29 22:17:42.429990+00:00,1,4,32.119293212890625,5.0,0,1
2026-08-29 22:17:42.516511+00:00,2,1,6.720245437463745e-05,5.0,0,0
2026-08-29 22:17:42.516511+00:00,2,2,6.669935828540474e-05,5.0,0,0
2026-08-29 22:17:42.516511+00:00,2,3,32.0690803527832,5.0,0,1
2026-08-29 22:17:42.516511+00:00,2,4,15.42353630065918,5.0,0,1
2026-08-29 22:17:42.534085+00:00,3,1,32.120391845703125,5.0,0,1
2026-08-29 22:17:42.534085+00:00,3,2,15.426591873168945,5.0,0,1
2026-08-29 22:17:47.650077+00:00,1,1,6.722819671267644e-05,5.0,0,0
2026-08-29 22:17:47.650077+00:00,1,2,6.726065475959331e-05,5.0,0,0
2026-08-29 22:17:47.650077+00:00,1,3,15.371458053588867,5.0,0,1
2026-08-29 22:17:47.650077+00:00,1,4,31.650543212890625,5.0,0,1
2026-08-29 22:17:47.705010+00:00,3,1,31.654094696044922,5.0,0,1
2026-08-29 22:17:47.705010+00:00,3,2,15.371322631835938,5.0,0,1
2026-08-29 22:17:47.765506+00:00,2,1,6.76949493936263e-05,5.0,0,0
2026-08-29 22:17:47.765506+00:00,2,2,6.709067383781075e-05,5.0,0,0
2026-08-29 22:17:47.765506+00:00,2,3,31.42083740234375,5.0,0,1
2026-08-29 22:17:47.765506+00:00,2,4,15.369175910949707,5.0,0,1
2026-08-29 22:17:54.225444+00:00,1,1,8.10104247648269e-05,5.0,0,0
2026-08-29 22:17:54.225444+00:00,1,2,8.098928083200008e-05,5.0,0,0
2026-08-29 22:17:54.225444+00:00,1,3,0.6448019742965698,5.0,0,0
2026-08-29 22:17:54.225444+00:00,1,4,2.2814269065856934,5.0,0,0
2026-08-29 22:17:54.239037+00:00,3,1,2.2447268962860107,5.0,0,0
2026-08-29 22:17:54.239037+00:00,3,2,0.6447156667709351,5.0,0,0
2026-08-29 22:17:55.306642+00:00,2,1,8.315574086736888e-05,5.0,0,0
2026-08-29 22:17:55.306642+00:00,2,2,8.232350228354335e-05,5.0,0,0
2026-08-29 22:17:55.306642+00:00,2,3,3.03997540473938,5.0,0,0
2026-08-29 22:17:55.306642+00:00,2,4,0.6444934606552124,5.0,0,0
2026-08-29 22:17:58.746423+00:00,1,1,9.097202564589679e-05,5.0,0,0
2026-08-29 22:17:58.746423+00:00,1,2,9.115611464949325e-05,5.0,0,0
2026-08-29 22:17:58.746423+00:00,1,3,0.22592124342918396,5.0,0,0
2026-08-29 22:17:58.746423+00:00,1,4,1.8527898788452148,5.0,1,0
2026-08-29 22:17:58.800815+00:00,3,1,1.7448753118515015,5.0,1,0
2026-08-29 22:17:58.800815+00:00,3,2,0.2259214222431183,5.0,0,0
2026-08-29 22:17:59.585343+00:00,2,1,9.073411638382822e-05,5.0,0,0
2026-08-29 22:17:59.585343+00:00,2,2,9.007393236970529e-05,5.0,0,0
2026-08-29 22:17:59.585343+00:00,2,3,2.650512456893921,5.0,1,0
2026-08-29 22:17:59.585343+00:00,2,4,0.22589783370494843,5.0,0,0
2026-08-29 22:18:03.410406+00:00,1,1,8.299956243718043e-05,5.0,0,0
2026-08-29 22:18:03.410406+00:00,1,2,8.302625792566687e-05,5.0,0,0
2026-08-29 22:18:03.410406+00:00,1,3,5.709254264831543,5.0,0,1
2026-08-29 22:18:03.410406+00:00,1,4,4.043123722076416,5.0,1,0
2026-08-29 22:18:03.558392+00:00,3,1,3.728039503097534,5.0,1,0
2026-08-29 22:18:03.558392+00:00,3,2,5.470186710357666,5.0,0,1
2026-08-29 22:18:04.128421+00:00,2,1,8.314789010910317e-05,5.0,0,0
2026-08-29 22:18:04.128421+00:00,2,2,8.311062265420333e-05,5.0,0,0
2026-08-29 22:18:04.128421+00:00,2,3,4.410855770111084,5.0,1,0
2026-08-29 22:18:04.128421+00:00,2,4,5.841158866882324,5.0,0,1
2026-08-29 22:18:08.891620+00:00,1,1,9.111235704040155e-05,5.0,0,0
2026-08-29 22:18:08.891620+00:00,1,2,9.094560664379969e-05,5.0,0,0
2026-08-29 22:18:08.891620+00:00,1,3,32.37241744995117,5.0,1,1
2026-08-29 22:18:08.891620+00:00,1,4,17.017736434936523,5.0,1,1
2026-08-29 22:18:10.568814+00:00,3,1,17.827293395996094,5.0,0,1
2026-08-29 22:18:10.568814+00:00,3,2,26.688196182250977,5.0,0,1
2026-08-29 22:18:14.160376+00:00,1,1,9.484081238042563e-05,5.0,1,0
2026-08-29 22:18:14.160376+00:00,1,2,9.48622910073027e-05,5.0,1,0
2026-08-29 22:18:14.160376+00:00,1,3,34.28515625,5.0,1,1
2026-08-29 22:18:14.160376+00:00,1,4,17.87777328491211,5.0,1,1
2026-08-29 22:18:14.816972+00:00,3,1,19.14214515686035,5.0,1,1
2026-08-29 22:18:14.816972+00:00,3,2,43.45606231689453,5.0,1,1
2026-08-29 22:18:20.960557+00:00,1,1,9.148257959168404e-05,5.0,1,0
2026-08-29 22:18:20.960557+00:00,1,2,9.1497742687352e-05,5.0,1,0
2026-08-29 22:18:20.960557+00:00,1,3,26.514774322509766,5.0,1,1
2026-08-29 22:18:20.960557+00:00,1,4,18.273569107055664,5.0,1,1
2026-08-29 22:18:21.050988+00:00,3,1,17.907825469970703,5.0,1,1
2026-08-29 22:18:21.050988+00:00,3,2,28.422710418701172,5.0,1,1
2026-08-29 22:18:31.481465+00:00,1,1,8.793269807938486e-05,5.0,0,0
2026-08-29 22:18:31.481465+00:00,1,2,8.802911906968802e-05,5.0,0,0
2026-08-29 22:18:31.481465+00:00,1,3,20.02569007873535,5.0,0,1
2026-08-29 22:18:31.481465+00:00,1,4,21.355859756469727,5.0,0,1
2026-08-29 22:18:33.293280+00:00,3,1,22.546649932861328,5.0,0,1
2026-08-29 22:18:33.293280+00:00,3,2,19.060911178588867,5.0,0,1
2026-08-29 22:18:37.201714+00:00,1,1,8.308533142553642e-05,5.0,0,0
2026-08-29 22:18:37.201714+00:00,1,2,8.307471580337733e-05,5.0,0,0
2026-08-29 22:18:37.201714+00:00,1,3,16.22429084777832,5.0,1,1
2026-08-29 22:18:37.201714+00:00,1,4,17.33928680419922,5.0,1,1
2026-08-29 22:18:37.285582+00:00,3,1,19.634571075439453,5.0,1,1
2026-08-29 22:18:37.285582+00:00,3,2,29.07125473022461,5.0,1,1
2026-08-29 22:18:37.867935+00:00,1,1,7.58599053369835e-05,5.0,0,0
2026-08-29 22:18:37.867935+00:00,1,2,7.586066203657538e-05,5.0,0,0
2026-08-29 22:18:37.867935+00:00,1,3,855.208984375,5.0,1,1
2026-08-29 22:18:37.867935+00:00,1,4,854.9869995117188,5.0,1,1
2026-08-29 22:18:37.965772+00:00,3,1,816.09130859375,5.0,1,1
2026-08-29 22:18:37.965772+00:00,3,2,816.60888671875,5.0,1,1
2026-08-29 22:18:38.114802+00:00,2,1,6.423670856747776e-05,5.0,0,0
2026-08-29 22:18:38.114802+00:00,2,2,9.507714275969192e-05,5.0,0,0
2026-08-29 22:18:38.114802+00:00,2,3,27.77297592163086,5.0,0,1
2026-08-29 22:18:38.114802+00:00,2,4,17.482824325561523,5.0,0,1
2026-08-29 22:18:41.438633+00:00,2,1,6.538147863466293e-05,5.0,0,0
2026-08-29 22:18:41.438633+00:00,2,2,9.108174708671868e-05,5.0,0,0
2026-08-29 22:18:41.438633+00:00,2,3,24.383352279663086,5.0,1,1
2026-08-29 22:18:41.438633+00:00,2,4,60.1566162109375,5.0,1,1
