timestamp,dpid,port,rx_packets,tx_packets,rx_bytes,tx_bytes,rx_dropped,tx_dropped,rx_errors,tx_errors
2026-08-08T16:44:54.241108+00:00,1,4294967294,0,0,0,0,0,0,0,0
2026-08-08T16:44:54.241108+00:00,1,1,36,62,3236,6290,0,0,0,0
2026-08-08T16:44:54.241108+00:00,1,2,36,62,3236,6290,0,0,0,0
2026-08-08T16:44:59.242162+00:00,1,4294967294,0,0,0,0,0,0,0,0
2026-08-08T16:44:59.242162+00:00,1,1,36,62,3236,6290,0,0,0,0
2026-08-08T16:44:59.242162+00:00,1,2,36,62,3236,6290,0,0,0,0
2026-08-08T16:45:04.244797+00:00,1,4294967294,0,0,0,0,0,0,0,0
2026-08-08T16:45:04.244797+00:00,1,1,36,62,3236,6290,0,0,0,0
2026-08-08T16:45:04.244797+00:00,1,2,36,62,3236,6290,0,0,0,0
2026-08-08T16:45:09.247502+00:00,1,4294967294,0,0,0,0,0,0,0,0
2026-08-08T16:45:09.247502+00:00,1,1,36,62,3236,6290,0,0,0,0
2026-08-08T16:45:09.247502+00:00,1,2,36,62,3236,6290,0,0,0,0
2026-08-08T16:45:14.250706+00:00,1,4294967294,0,0,0,0,0,0,0,0
2026-08-08T16:45:14.250706+00:00,1,1,36,62,3236,6290,0,0,0,0
2026-08-08T16:45:14.250706+00:00,1,2,36,62,3236,6290,0,0,0,0
2026-08-08T16:45:19.249852+00:00,1,4294967294,0,0,0,0,0,0,0,0
2026-08-08T16:45:19.249852+00:00,1,1,36,62,3236,6290,0,0,0,0
2026-08-08T16:45:19.249852+00:00,1,2,36,62,3236,6290,0,0,0,0
2026-08-08T16:45:24.249789+00:00,1,4294967294,0,0,0,0,0,0,0,0
2026-08-08T16:45:24.249789+00:00,1,1,36,63,3236,6360,0,0,0,0
2026-08-08T16:45:24.249789+00:00,1,2,36,62,3236,6290,0,0,0,0
2026-08-08T16:45:29.252748+00:00,1,4294967294,0,0,0,0,0,0,0,0
2026-08-08T16:45:29.252748+00:00,1,1,36,63,3236,6360,0,0,0,0
2026-08-08T16:45:29.252748+00:00,1,2,36,62,3236,6290,0,0,0,0
2026-08-08T16:45:34.254222+00:00,1,4294967294,0,0,0,0,0,0,0,0
2026-08-08T16:45:34.254222+00:00,1,1,36,63,3236,6360,0,0,0,0
2026-08-08T16:45:34.254222+00:00,1,2,36,62,3236,6290,0,0,0,0
2026-08-08T16:45:39.254511+00:00,1,4294967294,0,0,0,0,0,0,0,0
2026-08-08T16:45:39.254511+00:00,1,1,36,63,3236,6360,0,0,0,0
2026-08-08T16:45:39.254511+00:00,1,2,36,62,3236,6290,0,0,0,0
2026-08-08T16:45:44.257223+00:00,1,4294967294,0,0,0,0,0,0,0,0
2026-08-08T16:45:44.257223+00:00,1,1,36,63,3236,6360,0,0,0,0
2026-08-08T16:45:44.257223+00:00,1,2,36,62,3236,6290,0,0,0,0
2026-08-08T16:45:49.262308+00:00,1,4294967294,0,0,0,0,0,0,0,0
2026-08-08T16:45:49.262308+00:00,1,1,36,63,3236,6360,0,0,0,0
2026-08-08T16:45:49.262308+00:00,1,2,36,62,3236,6290,0,0,0,0
2026-08-08T16:45:54.263164+00:00,1,4294967294,0,0,0,0,0,0,0,0
2026-08-08T16:45:54.263164+00:00,1,1,36,63,3236,6360,0,0,0,0
2026-08-08T16:45:54.263164+00:00,1,2,36,62,3236,6290,0,0,0,0
2026-08-08T16:45:59.264059+00:00,1,4294967294,0,0,0,0,0,0,0,0
2026-08-08T16:45:59.264059+00:00,1,1,36,63,3236,6360,0,0,0,0
2026-08-08T16:45:59.264059+00:00,1,2,36,63,3236,6360,0,0,0,0
2026-08-08T16:46:04.265352+00:00,1,4294967294,0,0,0,0,0,0,0,0
2026-08-08T16:46:04.265352+00:00,1,1,36,63,3236,6360,0,0,0,0
2026-08-08T16:46:04.265352+00:00,1,2,36,63,3236,6360,0,0,0,0
2026-08-08T16:46:09.268823+00:00,1,4294967294,0,0,0,0,0,0,0,0
2026-08-08T16:46:09.268823+00:00,1,1,36,64,3236,6467,0,0,0,0
2026-08-08T16:46:09.268823+00:00,1,2,36,64,3236,6467,0,0,0,0
2026-08-08T16:46:14.271864+00:00,1,4294967294,0,0,0,0,0,0,0,0
2026-08-08T16:46:14.271864+00:00,1,1,36,64,3236,6467,0,0,0,0
2026-08-08T16:46:14.271864+00:00,1,2,36,64,3236,6467,0,0,0,0
2026-08-08T16:46:19.274909+00:00,1,4294967294,0,0,0,0,0,0,0,0
2026-08-08T16:46:19.274909+00:00,1,1,37,65,3306,6537,0,0,0,0
2026-08-08T16:46:19.274909+00:00,1,2,37,65,3306,6537,0,0,0,0
2026-08-08T16:46:24.275297+00:00,1,4294967294,0,0,0,0,0,0,0,0
2026-08-08T16:46:24.275297+00:00,1,1,37,65,3306,6537,0,0,0,0
2026-08-08T16:46:24.275297+00:00,1,2,37,65,3306,6537,0,0,0,0
2026-08-08T16:46:29.277263+00:00,1,4294967294,0,0,0,0,0,0,0,0
2026-08-08T16:46:29.277263+00:00,1,1,37,65,3306,6537,0,0,0,0
2026-08-08T16:46:29.277263+00:00,1,2,37,65,3306,6537,0,0,0,0
2026-08-08T16:46:34.281013+00:00,1,4294967294,0,0,0,0,0,0,0,0
2026-08-08T16:46:34.281013+00:00,1,1,37,65,3306,6537,0,0,0,0
2026-08-08T16:46:34.281013+00:00,1,2,37,65,3306,6537,0,0,0,0
2026-08-08T16:46:39.283160+00:00,1,4294967294,0,0,0,0,0,0,0,0
2026-08-08T16:46:39.283160+00:00,1,1,37,65,3306,6537,0,0,0,0
2026-08-08T16:46:39.283160+00:00,1,2,37,65,3306,6537,0,0,0,0
2026-08-08T16:46:44.284284+00:00,1,4294967294,0,0,0,0,0,0,0,0
2026-08-08T16:46:44.284284+00:00,1,1,37,65,3306,6537,0,0,0,0
2026-08-08T16:46:44.284284+00:00,1,2,37,65,3306,6537,0,0,0,0
2026-08-08T16:46:49.285358+00:00,1,4294967294,0,0,0,0,0,0,0,0
2026-08-08T16:46:49.285358+00:00,1,1,37,65,3306,6537,0,0,0,0
2026-08-08T16:46:49.285358+00:00,1,2,37,65,3306,6537,0,0,0,0
2026-08-08T16:46:54.286259+00:00,1,4294967294,0,0,0,0,0,0,0,0
2026-08-08T16:46:54.286259+00:00,1,1,37,65,3306,6537,0,0,0,0
2026-08-08T16:46:54.286259+00:00,1,2,37,65,3306,6537,0,0,0,0
2026-08-08T16:46:59.288809+00:00,1,4294967294,0,0,0,0,0,0,0,0
2026-08-08T16:46:59.288809+00:00,1,1,37,65,3306,6537,0,0,0,0
2026-08-08T16:46:59.288809+00:00,1,2,37,65,3306,6537,0,0,0,0
2026-08-08T16:47:04.292714+00:00,1,4294967294,0,0,0,0,0,0,0,0
2026-08-08T16:47:04.292714+00:00,1,1,37,65,3306,6537,0,0,0,0
2026-08-08T16:47:04.292714+00:00,1,2,37,65,3306,6537,0,0,0,0
2026-08-08T16:47:09.298470+00:00,1,4294967294,0,0,0,0,0,0,0,0
2026-08-08T16:47:09.298470+00:00,1,1,37,65,3306,6537,0,0,0,0
2026-08-08T16:47:09.298470+00:00,1,2,37,65,3306,6537,0,0,0,0
2026-08-08T16:47:14.301246+00:00,1,4294967294,0,0,0,0,0,0,0,0
2026-08-08T16:47:14.301246+00:00,1,1,37,65,3306,6537,0,0,0,0
2026-08-08T16:47:14.301246+00:00,1,2,37,65,3306,6537,0,0,0,0
2026-08-08T16:47:19.304637+00:00,1,4294967294,0,0,0,0,0,0,0,0
2026-08-08T16:47:19.304637+00:00,1,1,37,65,3306,6537,0,0,0,0
2026-08-08T16:47:19.304637+00:00,1,2,37,65,3306,6537,0,0,0,0
2026-08-08T16:47:24.309115+00:00,1,4294967294,0,0,0,0,0,0,0,0
2026-08-08T16:47:24.309115+00:00,1,1,37,65,3306,6537,0,0,0,0
2026-08-08T16:47:24.309115+00:00,1,2,37,65,3306,6537,0,0,0,0
2026-08-08T16:47:29.311846+00:00,1,4294967294,0,0,0,0,0,0,0,0
2026-08-08T16:47:29.311846+00:00,1,1,37,65,3306,6537,0,0,0,0
2026-08-08T16:47:29.311846+00:00,1,2,37,65,3306,6537,0,0,0,0
2026-08-08T16:47:34.312761+00:00,1,4294967294,0,0,0,0,0,0,0,0
2026-08-08T16:47:34.312761+00:00,1,1,37,65,3306,6537,0,0,0,0
2026-08-08T16:47:34.312761+00:00,1,2,37,65,3306,6537,0,0,0,0
2026-08-08T16:47:39.317391+00:00,1,4294967294,0,0,0,0,0,0,0,0
2026-08-08T16:47:39.317391+00:00,1,1,37,65,3306,6537,0,0,0,0
2026-08-08T16:47:39.317391+00:00,1,2,37,65,3306,6537,0,0,0,0
2026-08-08T16:47:44.318849+00:00,1,4294967294,0,0,0,0,0,0,0,0
2026-08-08T16:47:44.318849+00:00,1,1,37,65,3306,6537,0,0,0,0
2026-08-08T16:47:44.318849+00:00,1,2,37,65,3306,6537,0,0,0,0
2026-08-08T16:47:49.320859+00:00,1,4294967294,0,0,0,0,0,0,0,0
2026-08-08T16:47:49.320859+00:00,1,1,37,65,3306,6537,0,0,0,0
2026-08-08T16:47:49.320859+00:00,1,2,37,65,3306,6537,0,0,0,0
2026-08-08T16:47:54.323523+00:00,1,4294967294,0,0,0,0,0,0,0,0
2026-08-08T16:47:54.323523+00:00,1,1,37,65,3306,6537,0,0,0,0
2026-08-08T16:47:54.323523+00:00,1,2,37,65,3306,6537,0,0,0,0
2026-08-08T16:47:59.324636+00:00,1,4294967294,0,0,0,0,0,0,0,0
2026-08-08T16:47:59.324636+00:00,1,1,37,65,3306,6537,0,0,0,0
2026-08-08T16:47:59.324636+00:00,1,2,37,65,3306,6537,0,0,0,0
2026-08-08T16:48:04.325333+00:00,1,4294967294,0,0,0,0,0,0,0,0
2026-08-08T16:48:04.325333+00:00,1,1,37,65,3306,6537,0,0,0,0
2026-08-08T16:48:04.325333+00:00,1,2,37,65,3306,6537,0,0,0,0
2026-08-08T16:48:09.330383+00:00,1,4294967294,0,0,0,0,0,0,0,0
2026-08-08T16:48:09.330383+00:00,1,1,37,65,3306,6537,0,0,0,0
2026-08-08T16:48:09.330383+00:00,1,2,37,65,3306,6537,0,0,0,0
2026-08-08T16:48:14.332827+00:00,1,4294967294,0,0,0,0,0,0,0,0
2026-08-08T16:48:14.332827+00:00,1,1,37,65,3306,6537,0,0,0,0
2026-08-08T16:48:14.332827+00:00,1,2,37,65,3306,6537,0,0,0,0
2026-08-08T16:48:19.336349+00:00,1,4294967294,0,0,0,0,0,0,0,0
2026-08-08T16:48:19.336349+00:00,1,1,37,65,3306,6537,0,0,0,0
2026-08-08T16:48:19.336349+00:00,1,2,37,65,3306,6537,0,0,0,0
2026-08-08T16:48:24.341433+00:00,1,4294967294,0,0,0,0,0,0,0,0
2026-08-08T16:48:24.341433+00:00,1,1,37,65,3306,6537,0,0,0,0
2026-08-08T16:48:24.341433+00:00,1,2,37,65,3306,6537,0,0,0,0
2026-08-08T16:48:29.344255+00:00,1,4294967294,0,0,0,0,0,0,0,0
2026-08-08T16:48:29.344255+00:00,1,1,37,65,3306,6537,0,0,0,0
2026-08-08T16:48:29.344255+00:00,1,2,37,65,3306,6537,0,0,0,0
2026-08-08T16:48:34.347350+00:00,1,4294967294,0,0,0,0,0,0,0,0
2026-08-08T16:48:34.347350+00:00,1,1,37,65,3306,6537,0,0,0,0
2026-08-08T16:48:34.347350+00:00,1,2,37,65,3306,6537,0,0,0,0
2026-08-08T16:48:39.350122+00:00,1,4294967294,0,0,0,0,0,0,0,0
2026-08-08T16:48:39.350122+00:00,1,1,37,65,3306,6537,0,0,0,0
2026-08-08T16:48:39.350122+00:00,1,2,37,65,3306,6537,0,0,0,0
2026-08-08T16:48:44.351956+00:00,1,4294967294,0,0,0,0,0,0,0,0
2026-08-08T16:48:44.351956+00:00,1,1,37,65,3306,6537,0,0,0,0
2026-08-08T16:48:44.351956+00:00,1,2,37,65,3306,6537,0,0,0,0
2026-08-08T16:48:49.356589+00:00,1,4294967294,0,0,0,0,0,0,0,0
2026-08-08T16:48:49.356589+00:00,1,1,37,65,3306,6537,0,0,0,0
2026-08-08T16:48:49.356589+00:00,1,2,37,65,3306,6537,0,0,0,0
2026-08-08T16:48:54.358270+00:00,1,4294967294,0,0,0,0,0,0,0,0
2026-08-08T16:48:54.358270+00:00,1,1,37,66,3306,6607,0,0,0,0
2026-08-08T16:48:54.358270+00:00,1,2,37,65,3306,6537,0,0,0,0
2026-08-08T16:48:59.362111+00:00,1,4294967294,0,0,0,0,0,0,0,0
2026-08-08T16:48:59.362111+00:00,1,1,37,66,3306,6607,0,0,0,0
2026-08-08T16:48:59.362111+00:00,1,2,37,65,3306,6537,0,0,0,0
2026-08-08T16:49:04.366228+00:00,1,4294967294,0,0,0,0,0,0,0,0
2026-08-08T16:49:04.366228+00:00,1,1,37,66,3306,6607,0,0,0,0
2026-08-08T16:49:04.366228+00:00,1,2,37,65,3306,6537,0,0,0,0
2026-08-08T16:49:09.368947+00:00,1,4294967294,0,0,0,0,0,0,0,0
2026-08-08T16:49:09.368947+00:00,1,1,37,66,3306,6607,0,0,0,0
2026-08-08T16:49:09.368947+00:00,1,2,37,65,3306,6537,0,0,0,0
2026-08-08T16:49:14.373804+00:00,1,4294967294,0,0,0,0,0,0,0,0
2026-08-08T16:49:14.373804+00:00,1,1,37,66,3306,6607,0,0,0,0
2026-08-08T16:49:14.373804+00:00,1,2,37,65,3306,6537,0,0,0,0
2026-08-08T16:49:19.373876+00:00,1,4294967294,0,0,0,0,0,0,0,0
2026-08-08T16:49:19.373876+00:00,1,1,37,66,3306,6607,0,0,0,0
2026-08-08T16:49:19.373876+00:00,1,2,37,65,3306,6537,0,0,0,0
2026-08-08T16:49:24.379057+00:00,1,4294967294,0,0,0,0,0,0,0,0
2026-08-08T16:49:24.379057+00:00,1,1,37,66,3306,6607,0,0,0,0
2026-08-08T16:49:24.379057+00:00,1,2,37,65,3306,6537,0,0,0,0
2026-08-08T16:49:29.380460+00:00,1,4294967294,0,0,0,0,0,0,0,0
2026-08-08T16:49:29.380460+00:00,1,1,37,66,3306,6607,0,0,0,0
2026-08-08T16:49:29.380460+00:00,1,2,37,65,3306,6537,0,0,0,0
2026-08-08T16:49:34.382897+00:00,1,4294967294,0,0,0,0,0,0,0,0
2026-08-08T16:49:34.382897+00:00,1,1,37,66,3306,6607,0,0,0,0
2026-08-08T16:49:34.382897+00:00,1,2,37,65,3306,6537,0,0,0,0
2026-08-08T16:49:39.382302+00:00,1,4294967294,0,0,0,0,0,0,0,0
2026-08-08T16:49:39.382302+00:00,1,1,37,66,3306,6607,0,0,0,0
2026-08-08T16:49:39.382302+00:00,1,2,37,65,3306,6537,0,0,0,0
2026-08-08T16:49:44.382518+00:00,1,4294967294,0,0,0,0,0,0,0,0
2026-08-08T16:49:44.382518+00:00,1,1,37,66,3306,6607,0,0,0,0
2026-08-08T16:49:44.382518+00:00,1,2,37,65,3306,6537,0,0,0,0
2026-08-08T16:49:49.387344+00:00,1,4294967294,0,0,0,0,0,0,0,0
2026-08-08T16:49:49.387344+00:00,1,1,37,66,3306,6607,0,0,0,0
2026-08-08T16:49:49.387344+00:00,1,2,37,66,3306,6607,0,0,0,0
2026-08-08T16:49:54.391208+00:00,1,4294967294,0,0,0,0,0,0,0,0
2026-08-08T16:49:54.391208+00:00,1,1,37,66,3306,6607,0,0,0,0
2026-08-08T16:49:54.391208+00:00,1,2,37,66,3306,6607,0,0,0,0
2026-08-08T16:49:59.392490+00:00,1,4294967294,0,0,0,0,0,0,0,0
2026-08-08T16:49:59.392490+00:00,1,1,37,66,3306,6607,0,0,0,0
2026-08-08T16:49:59.392490+00:00,1,2,37,66,3306,6607,0,0,0,0
2026-08-08T16:50:04.392775+00:00,1,4294967294,0,0,0,0,0,0,0,0
2026-08-08T16:50:04.392775+00:00,1,1,37,66,3306,6607,0,0,0,0
2026-08-08T16:50:04.392775+00:00,1,2,37,66,3306,6607,0,0,0,0
2026-08-08T16:50:09.395265+00:00,1,4294967294,0,0,0,0,0,0,0,0
2026-08-08T16:50:09.395265+00:00,1,1,37,66,3306,6607,0,0,0,0
2026-08-08T16:50:09.395265+00:00,1,2,37,66,3306,6607,0,0,0,0
2026-08-08T16:50:14.395614+00:00,1,4294967294,0,0,0,0,0,0,0,0
2026-08-08T16:50:14.395614+00:00,1,1,37,66,3306,6607,0,0,0,0
2026-08-08T16:50:14.395614+00:00,1,2,37,66,3306,6607,0,0,0,0
2026-08-08T16:50:19.396856+00:00,1,4294967294,0,0,0,0,0,0,0,0
2026-08-08T16:50:19.396856+00:00,1,1,37,66,3306,6607,0,0,0,0
2026-08-08T16:50:19.396856+00:00,1,2,37,66,3306,6607,0,0,0,0
2026-08-08T16:50:24.397832+00:00,1,4294967294,0,0,0,0,0,0,0,0
2026-08-08T16:50:24.397832+00:00,1,1,37,66,3306,6607,0,0,0,0
2026-08-08T16:50:24.397832+00:00,1,2,37,66,3306,6607,0,0,0,0
2026-08-08T16:50:29.398692+00:00,1,4294967294,0,0,0,0,0,0,0,0
2026-08-08T16:50:29.398692+00:00,1,1,37,67,3306,6714,0,0,0,0
2026-08-08T16:50:29.398692+00:00,1,2,37,67,3306,6714,0,0,0,0
2026-08-08T16:50:34.399190+00:00,1,4294967294,0,0,0,0,0,0,0,0
2026-08-08T16:50:34.399190+00:00,1,1,38,67,3376,6714,0,0,0,0
2026-08-08T16:50:34.399190+00:00,1,2,37,68,3306,6784,0,0,0,0
2026-08-08T16:50:39.401795+00:00,1,4294967294,0,0,0,0,0,0,0,0
2026-08-08T16:50:39.401795+00:00,1,1,38,67,3376,6714,0,0,0,0
2026-08-08T16:50:39.401795+00:00,1,2,37,68,3306,6784,0,0,0,0
2026-08-08T16:50:44.404072+00:00,1,4294967294,0,0,0,0,0,0,0,0
2026-08-08T16:50:44.404072+00:00,1,1,38,67,3376,6714,0,0,0,0
2026-08-08T16:50:44.404072+00:00,1,2,37,68,3306,6784,0,0,0,0
2026-08-08T16:50:49.406768+00:00,1,4294967294,0,0,0,0,0,0,0,0
2026-08-08T16:50:49.406768+00:00,1,1,38,68,3376,6784,0,0,0,0
2026-08-08T16:50:49.406768+00:00,1,2,38,68,3376,6784,0,0,0,0
2026-08-08T16:50:54.410311+00:00,1,4294967294,0,0,0,0,0,0,0,0
2026-08-08T16:50:54.410311+00:00,1,1,38,68,3376,6784,0,0,0,0
2026-08-08T16:50:54.410311+00:00,1,2,38,68,3376,6784,0,0,0,0
2026-08-08T16:50:59.410753+00:00,1,4294967294,0,0,0,0,0,0,0,0
2026-08-08T16:50:59.410753+00:00,1,1,38,68,3376,6784,0,0,0,0
2026-08-08T16:50:59.410753+00:00,1,2,38,68,3376,6784,0,0,0,0
2026-08-08T16:51:04.411388+00:00,1,4294967294,0,0,0,0,0,0,0,0
2026-08-08T16:51:04.411388+00:00,1,1,38,68,3376,6784,0,0,0,0
2026-08-08T16:51:04.411388+00:00,1,2,38,68,3376,6784,0,0,0,0
2026-08-08T16:51:09.414629+00:00,1,4294967294,0,0,0,0,0,0,0,0
2026-08-08T16:51:09.414629+00:00,1,1,38,68,3376,6784,0,0,0,0
2026-08-08T16:51:09.414629+00:00,1,2,38,68,3376,6784,0,0,0,0
2026-08-08T16:51:14.417650+00:00,1,4294967294,0,0,0,0,0,0,0,0
2026-08-08T16:51:14.417650+00:00,1,1,38,68,3376,6784,0,0,0,0
2026-08-08T16:51:14.417650+00:00,1,2,38,68,3376,6784,0,0,0,0
2026-08-08T16:51:19.422348+00:00,1,4294967294,0,0,0,0,0,0,0,0
2026-08-08T16:51:19.422348+00:00,1,1,38,68,3376,6784,0,0,0,0
2026-08-08T16:51:19.422348+00:00,1,2,38,68,3376,6784,0,0,0,0
2026-08-08T16:51:24.422793+00:00,1,4294967294,0,0,0,0,0,0,0,0
2026-08-08T16:51:24.422793+00:00,1,1,38,68,3376,6784,0,0,0,0
2026-08-08T16:51:24.422793+00:00,1,2,38,68,3376,6784,0,0,0,0
2026-08-08T16:51:29.426535+00:00,1,4294967294,0,0,0,0,0,0,0,0
2026-08-08T16:51:29.426535+00:00,1,1,38,68,3376,6784,0,0,0,0
2026-08-08T16:51:29.426535+00:00,1,2,38,68,3376,6784,0,0,0,0
2026-08-08T16:51:34.427337+00:00,1,4294967294,0,0,0,0,0,0,0,0
2026-08-08T16:51:34.427337+00:00,1,1,38,68,3376,6784,0,0,0,0
2026-08-08T16:51:34.427337+00:00,1,2,38,68,3376,6784,0,0,0,0
2026-08-08T16:51:39.428137+00:00,1,4294967294,0,0,0,0,0,0,0,0
2026-08-08T16:51:39.428137+00:00,1,1,38,68,3376,6784,0,0,0,0
2026-08-08T16:51:39.428137+00:00,1,2,38,68,3376,6784,0,0,0,0
2026-08-08T16:51:44.428193+00:00,1,4294967294,0,0,0,0,0,0,0,0
2026-08-08T16:51:44.428193+00:00,1,1,38,68,3376,6784,0,0,0,0
2026-08-08T16:51:44.428193+00:00,1,2,38,68,3376,6784,0,0,0,0
2026-08-08T16:51:49.438655+00:00,1,4294967294,0,0,0,0,0,0,0,0
2026-08-08T16:51:49.438655+00:00,1,1,38,68,3376,6784,0,0,0,0
2026-08-08T16:51:49.438655+00:00,1,2,38,68,3376,6784,0,0,0,0
2026-08-08T16:51:54.440699+00:00,1,4294967294,0,0,0,0,0,0,0,0
2026-08-08T16:51:54.440699+00:00,1,1,38,68,3376,6784,0,0,0,0
2026-08-08T16:51:54.440699+00:00,1,2,38,68,3376,6784,0,0,0,0
2026-08-08T16:51:59.448091+00:00,1,4294967294,0,0,0,0,0,0,0,0
2026-08-08T16:51:59.448091+00:00,1,1,38,68,3376,6784,0,0,0,0
2026-08-08T16:51:59.448091+00:00,1,2,38,68,3376,6784,0,0,0,0
2026-08-08T16:52:04.456454+00:00,1,4294967294,0,0,0,0,0,0,0,0
2026-08-08T16:52:04.456454+00:00,1,1,38,68,3376,6784,0,0,0,0
2026-08-08T16:52:04.456454+00:00,1,2,38,68,3376,6784,0,0,0,0
2026-08-08T16:52:09.457540+00:00,1,4294967294,0,0,0,0,0,0,0,0
2026-08-08T16:52:09.457540+00:00,1,1,38,68,3376,6784,0,0,0,0
2026-08-08T16:52:09.457540+00:00,1,2,38,68,3376,6784,0,0,0,0
2026-08-08T16:52:14.460888+00:00,1,4294967294,0,0,0,0,0,0,0,0
2026-08-08T16:52:14.460888+00:00,1,1,38,68,3376,6784,0,0,0,0
2026-08-08T16:52:14.460888+00:00,1,2,38,68,3376,6784,0,0,0,0
2026-08-08T16:52:19.469598+00:00,1,4294967294,0,0,0,0,0,0,0,0
2026-08-08T16:52:19.469598+00:00,1,1,38,68,3376,6784,0,0,0,0
2026-08-08T16:52:19.469598+00:00,1,2,38,68,3376,6784,0,0,0,0
2026-08-08T16:52:24.477238+00:00,1,4294967294,0,0,0,0,0,0,0,0
2026-08-08T16:52:24.477238+00:00,1,1,38,68,3376,6784,0,0,0,0
2026-08-08T16:52:24.477238+00:00,1,2,38,68,3376,6784,0,0,0,0
2026-08-08T16:52:29.478658+00:00,1,4294967294,0,0,0,0,0,0,0,0
2026-08-08T16:52:29.478658+00:00,1,1,38,68,3376,6784,0,0,0,0
2026-08-08T16:52:29.478658+00:00,1,2,38,68,3376,6784,0,0,0,0
2026-08-08T16:52:34.483788+00:00,1,4294967294,0,0,0,0,0,0,0,0
2026-08-08T16:52:34.483788+00:00,1,1,38,68,3376,6784,0,0,0,0
2026-08-08T16:52:34.483788+00:00,1,2,38,68,3376,6784,0,0,0,0
2026-08-08T16:52:39.486728+00:00,1,4294967294,0,0,0,0,0,0,0,0
2026-08-08T16:52:39.486728+00:00,1,1,38,68,3376,6784,0,0,0,0
2026-08-08T16:52:39.486728+00:00,1,2,38,68,3376,6784,0,0,0,0
2026-08-08T16:52:44.498576+00:00,1,4294967294,0,0,0,0,0,0,0,0
2026-08-08T16:52:44.498576+00:00,1,1,38,68,3376,6784,0,0,0,0
2026-08-08T16:52:44.498576+00:00,1,2,38,68,3376,6784,0,0,0,0
2026-08-08T16:52:49.496431+00:00,1,4294967294,0,0,0,0,0,0,0,0
2026-08-08T16:52:49.496431+00:00,1,1,38,68,3376,6784,0,0,0,0
2026-08-08T16:52:49.496431+00:00,1,2,38,68,3376,6784,0,0,0,0
2026-08-08T16:52:54.498924+00:00,1,4294967294,0,0,0,0,0,0,0,0
2026-08-08T16:52:54.498924+00:00,1,1,38,68,3376,6784,0,0,0,0
2026-08-08T16:52:54.498924+00:00,1,2,38,68,3376,6784,0,0,0,0
2026-08-08T16:52:59.500735+00:00,1,4294967294,0,0,0,0,0,0,0,0
2026-08-08T16:52:59.500735+00:00,1,1,38,68,3376,6784,0,0,0,0
2026-08-08T16:52:59.500735+00:00,1,2,38,68,3376,6784,0,0,0,0
2026-08-08T16:53:04.501475+00:00,1,4294967294,0,0,0,0,0,0,0,0
2026-08-08T16:53:04.501475+00:00,1,1,38,68,3376,6784,0,0,0,0
2026-08-08T16:53:04.501475+00:00,1,2,38,68,3376,6784,0,0,0,0
2026-08-08T16:53:09.506588+00:00,1,4294967294,0,0,0,0,0,0,0,0
2026-08-08T16:53:09.506588+00:00,1,1,38,68,3376,6784,0,0,0,0
2026-08-08T16:53:09.506588+00:00,1,2,38,68,3376,6784,0,0,0,0
2026-08-08T16:53:14.508544+00:00,1,4294967294,0,0,0,0,0,0,0,0
2026-08-08T16:53:14.508544+00:00,1,1,38,68,3376,6784,0,0,0,0
2026-08-08T16:53:14.508544+00:00,1,2,38,68,3376,6784,0,0,0,0
2026-08-08T16:53:19.510748+00:00,1,4294967294,0,0,0,0,0,0,0,0
2026-08-08T16:53:19.510748+00:00,1,1,38,68,3376,6784,0,0,0,0
2026-08-08T16:53:19.510748+00:00,1,2,38,68,3376,6784,0,0,0,0
2026-08-08T16:53:24.511863+00:00,1,4294967294,0,0,0,0,0,0,0,0
2026-08-08T16:53:24.511863+00:00,1,1,38,68,3376,6784,0,0,0,0
2026-08-08T16:53:24.511863+00:00,1,2,38,68,3376,6784,0,0,0,0
2026-08-08T16:53:29.516135+00:00,1,4294967294,0,0,0,0,0,0,0,0
2026-08-08T16:53:29.516135+00:00,1,1,38,68,3376,6784,0,0,0,0
2026-08-08T16:53:29.516135+00:00,1,2,38,68,3376,6784,0,0,0,0
2026-08-08T16:53:34.520277+00:00,1,4294967294,0,0,0,0,0,0,0,0
2026-08-08T16:53:34.520277+00:00,1,1,38,68,3376,6784,0,0,0,0
2026-08-08T16:53:34.520277+00:00,1,2,38,68,3376,6784,0,0,0,0
2026-08-08T16:53:39.522521+00:00,1,4294967294,0,0,0,0,0,0,0,0
2026-08-08T16:53:39.522521+00:00,1,1,38,68,3376,6784,0,0,0,0
2026-08-08T16:53:39.522521+00:00,1,2,38,68,3376,6784,0,0,0,0
2026-08-08T16:53:44.525277+00:00,1,4294967294,0,0,0,0,0,0,0,0
2026-08-08T16:53:44.525277+00:00,1,1,38,68,3376,6784,0,0,0,0
2026-08-08T16:53:44.525277+00:00,1,2,38,68,3376,6784,0,0,0,0
2026-08-08T16:53:49.529523+00:00,1,4294967294,0,0,0,0,0,0,0,0
2026-08-08T16:53:49.529523+00:00,1,1,38,68,3376,6784,0,0,0,0
2026-08-08T16:53:49.529523+00:00,1,2,38,68,3376,6784,0,0,0,0
2026-08-08T16:53:54.530629+00:00,1,4294967294,0,0,0,0,0,0,0,0
2026-08-08T16:53:54.530629+00:00,1,1,38,68,3376,6784,0,0,0,0
2026-08-08T16:53:54.530629+00:00,1,2,38,68,3376,6784,0,0,0,0
2026-08-08T16:53:59.532617+00:00,1,4294967294,0,0,0,0,0,0,0,0
2026-08-08T16:53:59.532617+00:00,1,1,38,68,3376,6784,0,0,0,0
2026-08-08T16:53:59.532617+00:00,1,2,38,68,3376,6784,0,0,0,0
2026-08-08T16:54:04.533720+00:00,1,4294967294,0,0,0,0,0,0,0,0
2026-08-08T16:54:04.533720+00:00,1,1,38,68,3376,6784,0,0,0,0
2026-08-08T16:54:04.533720+00:00,1,2,38,68,3376,6784,0,0,0,0
2026-08-08T16:54:09.534865+00:00,1,4294967294,0,0,0,0,0,0,0,0
2026-08-08T16:54:09.534865+00:00,1,1,38,68,3376,6784,0,0,0,0
2026-08-08T16:54:09.534865+00:00,1,2,38,68,3376,6784,0,0,0,0
2026-08-08T16:54:14.537832+00:00,1,4294967294,0,0,0,0,0,0,0,0
2026-08-08T16:54:14.537832+00:00,1,1,38,68,3376,6784,0,0,0,0
2026-08-08T16:54:14.537832+00:00,1,2,38,68,3376,6784,0,0,0,0
2026-08-08T16:54:19.538318+00:00,1,4294967294,0,0,0,0,0,0,0,0
2026-08-08T16:54:19.538318+00:00,1,1,38,68,3376,6784,0,0,0,0
2026-08-08T16:54:19.538318+00:00,1,2,38,68,3376,6784,0,0,0,0
2026-08-08T16:54:24.537947+00:00,1,4294967294,0,0,0,0,0,0,0,0
2026-08-08T16:54:24.537947+00:00,1,1,38,68,3376,6784,0,0,0,0
2026-08-08T16:54:24.537947+00:00,1,2,38,68,3376,6784,0,0,0,0
2026-08-08T16:54:29.541350+00:00,1,4294967294,0,0,0,0,0,0,0,0
2026-08-08T16:54:29.541350+00:00,1,1,38,68,3376,6784,0,0,0,0
2026-08-08T16:54:29.541350+00:00,1,2,38,68,3376,6784,0,0,0,0
2026-08-08T16:54:34.542264+00:00,1,4294967294,0,0,0,0,0,0,0,0
2026-08-08T16:54:34.542264+00:00,1,1,38,68,3376,6784,0,0,0,0
2026-08-08T16:54:34.542264+00:00,1,2,38,68,3376,6784,0,0,0,0
2026-08-08T16:54:39.542520+00:00,1,4294967294,0,0,0,0,0,0,0,0
2026-08-08T16:54:39.542520+00:00,1,1,38,68,3376,6784,0,0,0,0
2026-08-08T16:54:39.542520+00:00,1,2,38,68,3376,6784,0,0,0,0
2026-08-08T16:54:44.544788+00:00,1,4294967294,0,0,0,0,0,0,0,0
2026-08-08T16:54:44.544788+00:00,1,1,38,68,3376,6784,0,0,0,0
2026-08-08T16:54:44.544788+00:00,1,2,38,68,3376,6784,0,0,0,0
2026-08-08T16:54:49.545798+00:00,1,4294967294,0,0,0,0,0,0,0,0
2026-08-08T16:54:49.545798+00:00,1,1,38,68,3376,6784,0,0,0,0
2026-08-08T16:54:49.545798+00:00,1,2,38,68,3376,6784,0,0,0,0
2026-08-08T16:54:54.549295+00:00,1,4294967294,0,0,0,0,0,0,0,0
2026-08-08T16:54:54.549295+00:00,1,1,38,68,3376,6784,0,0,0,0
2026-08-08T16:54:54.549295+00:00,1,2,38,68,3376,6784,0,0,0,0
2026-08-08T16:54:59.549598+00:00,1,4294967294,0,0,0,0,0,0,0,0
2026-08-08T16:54:59.549598+00:00,1,1,38,68,3376,6784,0,0,0,0
2026-08-08T16:54:59.549598+00:00,1,2,38,68,3376,6784,0,0,0,0
2026-08-08T16:55:04.552501+00:00,1,4294967294,0,0,0,0,0,0,0,0
2026-08-08T16:55:04.552501+00:00,1,1,38,68,3376,6784,0,0,0,0
2026-08-08T16:55:04.552501+00:00,1,2,38,68,3376,6784,0,0,0,0
2026-08-08T16:55:09.557585+00:00,1,4294967294,0,0,0,0,0,0,0,0
2026-08-08T16:55:09.557585+00:00,1,1,38,68,3376,6784,0,0,0,0
2026-08-08T16:55:09.557585+00:00,1,2,38,68,3376,6784,0,0,0,0
2026-08-08T16:55:14.558561+00:00,1,4294967294,0,0,0,0,0,0,0,0
2026-08-08T16:55:14.558561+00:00,1,1,38,68,3376,6784,0,0,0,0
2026-08-08T16:55:14.558561+00:00,1,2,38,68,3376,6784,0,0,0,0
2026-08-08T16:55:19.558506+00:00,1,4294967294,0,0,0,0,0,0,0,0
2026-08-08T16:55:19.558506+00:00,1,1,38,68,3376,6784,0,0,0,0
2026-08-08T16:55:19.558506+00:00,1,2,38,68,3376,6784,0,0,0,0
2026-08-08T16:55:24.562320+00:00,1,4294967294,0,0,0,0,0,0,0,0
2026-08-08T16:55:24.562320+00:00,1,1,38,68,3376,6784,0,0,0,0
2026-08-08T16:55:24.562320+00:00,1,2,38,68,3376,6784,0,0,0,0
2026-08-08T16:55:29.563233+00:00,1,4294967294,0,0,0,0,0,0,0,0
2026-08-08T16:55:29.563233+00:00,1,1,38,68,3376,6784,0,0,0,0
2026-08-08T16:55:29.563233+00:00,1,2,38,68,3376,6784,0,0,0,0
2026-08-08T16:55:34.563658+00:00,1,4294967294,0,0,0,0,0,0,0,0
2026-08-08T16:55:34.563658+00:00,1,1,38,68,3376,6784,0,0,0,0
2026-08-08T16:55:34.563658+00:00,1,2,38,68,3376,6784,0,0,0,0
2026-08-08T16:55:39.566153+00:00,1,4294967294,0,0,0,0,0,0,0,0
2026-08-08T16:55:39.566153+00:00,1,1,38,68,3376,6784,0,0,0,0
2026-08-08T16:55:39.566153+00:00,1,2,38,68,3376,6784,0,0,0,0
2026-08-08T16:55:44.570311+00:00,1,4294967294,0,0,0,0,0,0,0,0
2026-08-08T16:55:44.570311+00:00,1,1,38,69,3376,6854,0,0,0,0
2026-08-08T16:55:44.570311+00:00,1,2,38,68,3376,6784,0,0,0,0
2026-08-08T16:55:49.572476+00:00,1,4294967294,0,0,0,0,0,0,0,0
2026-08-08T16:55:49.572476+00:00,1,1,38,69,3376,6854,0,0,0,0
2026-08-08T16:55:49.572476+00:00,1,2,38,68,3376,6784,0,0,0,0
2026-08-08T16:55:54.577356+00:00,1,4294967294,0,0,0,0,0,0,0,0
2026-08-08T16:55:54.577356+00:00,1,1,38,69,3376,6854,0,0,0,0
2026-08-08T16:55:54.577356+00:00,1,2,38,68,3376,6784,0,0,0,0
2026-08-08T16:55:59.577290+00:00,1,4294967294,0,0,0,0,0,0,0,0
2026-08-08T16:55:59.577290+00:00,1,1,38,69,3376,6854,0,0,0,0
2026-08-08T16:55:59.577290+00:00,1,2,38,68,3376,6784,0,0,0,0
2026-08-08T16:56:04.579520+00:00,1,4294967294,0,0,0,0,0,0,0,0
2026-08-08T16:56:04.579520+00:00,1,1,38,69,3376,6854,0,0,0,0
2026-08-08T16:56:04.579520+00:00,1,2,38,68,3376,6784,0,0,0,0
2026-08-08T16:56:09.582161+00:00,1,4294967294,0,0,0,0,0,0,0,0
2026-08-08T16:56:09.582161+00:00,1,1,38,69,3376,6854,0,0,0,0
2026-08-08T16:56:09.582161+00:00,1,2,38,68,3376,6784,0,0,0,0
2026-08-08T16:56:14.587576+00:00,1,4294967294,0,0,0,0,0,0,0,0
2026-08-08T16:56:14.587576+00:00,1,1,38,69,3376,6854,0,0,0,0
2026-08-08T16:56:14.587576+00:00,1,2,38,68,3376,6784,0,0,0,0
2026-08-08T16:56:19.588662+00:00,1,4294967294,0,0,0,0,0,0,0,0
2026-08-08T16:56:19.588662+00:00,1,1,38,69,3376,6854,0,0,0,0
2026-08-08T16:56:19.588662+00:00,1,2,38,68,3376,6784,0,0,0,0
2026-08-08T16:56:24.590747+00:00,1,4294967294,0,0,0,0,0,0,0,0
2026-08-08T16:56:24.590747+00:00,1,1,38,69,3376,6854,0,0,0,0
2026-08-08T16:56:24.590747+00:00,1,2,38,68,3376,6784,0,0,0,0
2026-08-08T16:56:29.593355+00:00,1,4294967294,0,0,0,0,0,0,0,0
2026-08-08T16:56:29.593355+00:00,1,1,38,69,3376,6854,0,0,0,0
2026-08-08T16:56:29.593355+00:00,1,2,38,68,3376,6784,0,0,0,0
2026-08-08T16:56:34.596362+00:00,1,4294967294,0,0,0,0,0,0,0,0
2026-08-08T16:56:34.596362+00:00,1,1,38,69,3376,6854,0,0,0,0
2026-08-08T16:56:34.596362+00:00,1,2,38,68,3376,6784,0,0,0,0
2026-08-08T16:56:39.597816+00:00,1,4294967294,0,0,0,0,0,0,0,0
2026-08-08T16:56:39.597816+00:00,1,1,38,69,3376,6854,0,0,0,0
2026-08-08T16:56:39.597816+00:00,1,2,38,68,3376,6784,0,0,0,0
2026-08-08T16:56:44.599150+00:00,1,4294967294,0,0,0,0,0,0,0,0
2026-08-08T16:56:44.599150+00:00,1,1,38,69,3376,6854,0,0,0,0
2026-08-08T16:56:44.599150+00:00,1,2,38,68,3376,6784,0,0,0,0
2026-08-08T16:56:49.601526+00:00,1,4294967294,0,0,0,0,0,0,0,0
2026-08-08T16:56:49.601526+00:00,1,1,38,69,3376,6854,0,0,0,0
2026-08-08T16:56:49.601526+00:00,1,2,38,68,3376,6784,0,0,0,0
2026-08-08T16:56:54.602943+00:00,1,4294967294,0,0,0,0,0,0,0,0
2026-08-08T16:56:54.602943+00:00,1,1,38,69,3376,6854,0,0,0,0
2026-08-08T16:56:54.602943+00:00,1,2,38,68,3376,6784,0,0,0,0
2026-08-08T16:56:59.602807+00:00,1,4294967294,0,0,0,0,0,0,0,0
2026-08-08T16:56:59.602807+00:00,1,1,38,69,3376,6854,0,0,0,0
2026-08-08T16:56:59.602807+00:00,1,2,38,68,3376,6784,0,0,0,0
2026-08-08T16:57:04.605887+00:00,1,4294967294,0,0,0,0,0,0,0,0
2026-08-08T16:57:04.605887+00:00,1,1,38,69,3376,6854,0,0,0,0
2026-08-08T16:57:04.605887+00:00,1,2,38,68,3376,6784,0,0,0,0
2026-08-08T16:57:09.609783+00:00,1,4294967294,0,0,0,0,0,0,0,0
2026-08-08T16:57:09.609783+00:00,1,1,38,69,3376,6854,0,0,0,0
2026-08-08T16:57:09.609783+00:00,1,2,38,68,3376,6784,0,0,0,0
2026-08-08T16:57:14.612569+00:00,1,4294967294,0,0,0,0,0,0,0,0
2026-08-08T16:57:14.612569+00:00,1,1,38,69,3376,6854,0,0,0,0
2026-08-08T16:57:14.612569+00:00,1,2,38,68,3376,6784,0,0,0,0
2026-08-08T16:57:19.614597+00:00,1,4294967294,0,0,0,0,0,0,0,0
2026-08-08T16:57:19.614597+00:00,1,1,38,69,3376,6854,0,0,0,0
2026-08-08T16:57:19.614597+00:00,1,2,38,69,3376,6854,0,0,0,0
2026-08-08T16:57:24.620360+00:00,1,4294967294,0,0,0,0,0,0,0,0
2026-08-08T16:57:24.620360+00:00,1,1,38,69,3376,6854,0,0,0,0
2026-08-08T16:57:24.620360+00:00,1,2,38,69,3376,6854,0,0,0,0
2026-08-08T16:57:29.622935+00:00,1,4294967294,0,0,0,0,0,0,0,0
2026-08-08T16:57:29.622935+00:00,1,1,38,69,3376,6854,0,0,0,0
2026-08-08T16:57:29.622935+00:00,1,2,38,69,3376,6854,0,0,0,0
2026-08-08T16:57:34.624780+00:00,1,4294967294,0,0,0,0,0,0,0,0
2026-08-08T16:57:34.624780+00:00,1,1,38,69,3376,6854,0,0,0,0
2026-08-08T16:57:34.624780+00:00,1,2,38,69,3376,6854,0,0,0,0
2026-08-08T16:57:39.626867+00:00,1,4294967294,0,0,0,0,0,0,0,0
2026-08-08T16:57:39.626867+00:00,1,1,38,69,3376,6854,0,0,0,0
2026-08-08T16:57:39.626867+00:00,1,2,38,69,3376,6854,0,0,0,0
2026-08-08T16:57:44.627530+00:00,1,4294967294,0,0,0,0,0,0,0,0
2026-08-08T16:57:44.627530+00:00,1,1,38,69,3376,6854,0,0,0,0
2026-08-08T16:57:44.627530+00:00,1,2,38,69,3376,6854,0,0,0,0
2026-08-08T16:57:49.628417+00:00,1,4294967294,0,0,0,0,0,0,0,0
2026-08-08T16:57:49.628417+00:00,1,1,38,69,3376,6854,0,0,0,0
2026-08-08T16:57:49.628417+00:00,1,2,38,69,3376,6854,0,0,0,0
2026-08-08T16:57:54.630944+00:00,1,4294967294,0,0,0,0,0,0,0,0
2026-08-08T16:57:54.630944+00:00,1,1,38,69,3376,6854,0,0,0,0
2026-08-08T16:57:54.630944+00:00,1,2,38,69,3376,6854,0,0,0,0
2026-08-08T16:57:59.632715+00:00,1,4294967294,0,0,0,0,0,0,0,0
2026-08-08T16:57:59.632715+00:00,1,1,38,69,3376,6854,0,0,0,0
2026-08-08T16:57:59.632715+00:00,1,2,38,69,3376,6854,0,0,0,0
2026-08-08T16:58:04.634135+00:00,1,4294967294,0,0,0,0,0,0,0,0
2026-08-08T16:58:04.634135+00:00,1,1,38,69,3376,6854,0,0,0,0
2026-08-08T16:58:04.634135+00:00,1,2,38,69,3376,6854,0,0,0,0
2026-08-08T16:58:09.634603+00:00,1,4294967294,0,0,0,0,0,0,0,0
2026-08-08T16:58:09.634603+00:00,1,1,38,69,3376,6854,0,0,0,0
2026-08-08T16:58:09.634603+00:00,1,2,38,69,3376,6854,0,0,0,0
2026-08-08T16:58:14.638947+00:00,1,4294967294,0,0,0,0,0,0,0,0
2026-08-08T16:58:14.638947+00:00,1,1,38,69,3376,6854,0,0,0,0
2026-08-08T16:58:14.638947+00:00,1,2,38,69,3376,6854,0,0,0,0
2026-08-08T16:58:19.639519+00:00,1,4294967294,0,0,0,0,0,0,0,0
2026-08-08T16:58:19.639519+00:00,1,1,38,69,3376,6854,0,0,0,0
2026-08-08T16:58:19.639519+00:00,1,2,38,69,3376,6854,0,0,0,0
2026-08-08T16:58:24.639687+00:00,1,4294967294,0,0,0,0,0,0,0,0
2026-08-08T16:58:24.639687+00:00,1,1,38,69,3376,6854,0,0,0,0
2026-08-08T16:58:24.639687+00:00,1,2,38,69,3376,6854,0,0,0,0
2026-08-08T16:58:29.643397+00:00,1,4294967294,0,0,0,0,0,0,0,0
2026-08-08T16:58:29.643397+00:00,1,1,38,69,3376,6854,0,0,0,0
2026-08-08T16:58:29.643397+00:00,1,2,38,69,3376,6854,0,0,0,0
2026-08-08T16:58:34.645178+00:00,1,4294967294,0,0,0,0,0,0,0,0
2026-08-08T16:58:34.645178+00:00,1,1,38,69,3376,6854,0,0,0,0
2026-08-08T16:58:34.645178+00:00,1,2,38,69,3376,6854,0,0,0,0
2026-08-08T16:58:39.647323+00:00,1,4294967294,0,0,0,0,0,0,0,0
2026-08-08T16:58:39.647323+00:00,1,1,38,69,3376,6854,0,0,0,0
2026-08-08T16:58:39.647323+00:00,1,2,38,69,3376,6854,0,0,0,0
2026-08-08T16:58:44.648470+00:00,1,4294967294,0,0,0,0,0,0,0,0
2026-08-08T16:58:44.648470+00:00,1,1,38,69,3376,6854,0,0,0,0
2026-08-08T16:58:44.648470+00:00,1,2,38,69,3376,6854,0,0,0,0
2026-08-08T16:58:49.649640+00:00,1,4294967294,0,0,0,0,0,0,0,0
2026-08-08T16:58:49.649640+00:00,1,1,38,69,3376,6854,0,0,0,0
2026-08-08T16:58:49.649640+00:00,1,2,38,69,3376,6854,0,0,0,0
2026-08-08T16:58:54.651724+00:00,1,4294967294,0,0,0,0,0,0,0,0
2026-08-08T16:58:54.651724+00:00,1,1,38,69,3376,6854,0,0,0,0
2026-08-08T16:58:54.651724+00:00,1,2,38,69,3376,6854,0,0,0,0
2026-08-08T16:58:59.653151+00:00,1,4294967294,0,0,0,0,0,0,0,0
2026-08-08T16:58:59.653151+00:00,1,1,39,70,3446,6961,0,0,0,0
2026-08-08T16:58:59.653151+00:00,1,2,38,71,3376,7031,0,0,0,0
2026-08-08T16:59:04.655888+00:00,1,4294967294,0,0,0,0,0,0,0,0
2026-08-08T16:59:04.655888+00:00,1,1,39,70,3446,6961,0,0,0,0
2026-08-08T16:59:04.655888+00:00,1,2,38,71,3376,7031,0,0,0,0
2026-08-08T16:59:09.656928+00:00,1,4294967294,0,0,0,0,0,0,0,0
2026-08-08T16:59:09.656928+00:00,1,1,39,70,3446,6961,0,0,0,0
2026-08-08T16:59:09.656928+00:00,1,2,38,71,3376,7031,0,0,0,0
2026-08-08T16:59:14.657952+00:00,1,4294967294,0,0,0,0,0,0,0,0
2026-08-08T16:59:14.657952+00:00,1,1,39,70,3446,6961,0,0,0,0
2026-08-08T16:59:14.657952+00:00,1,2,38,71,3376,7031,0,0,0,0
2026-08-08T16:59:19.663533+00:00,1,4294967294,0,0,0,0,0,0,0,0
2026-08-08T16:59:19.663533+00:00,1,1,39,70,3446,6961,0,0,0,0
2026-08-08T16:59:19.663533+00:00,1,2,38,71,3376,7031,0,0,0,0
2026-08-08T16:59:24.668367+00:00,1,4294967294,0,0,0,0,0,0,0,0
2026-08-08T16:59:24.668367+00:00,1,1,39,70,3446,6961,0,0,0,0
2026-08-08T16:59:24.668367+00:00,1,2,38,71,3376,7031,0,0,0,0
2026-08-08T16:59:29.671418+00:00,1,4294967294,0,0,0,0,0,0,0,0
2026-08-08T16:59:29.671418+00:00,1,1,39,70,3446,6961,0,0,0,0
2026-08-08T16:59:29.671418+00:00,1,2,38,71,3376,7031,0,0,0,0
2026-08-08T16:59:34.671944+00:00,1,4294967294,0,0,0,0,0,0,0,0
2026-08-08T16:59:34.671944+00:00,1,1,39,71,3446,7031,0,0,0,0
2026-08-08T16:59:34.671944+00:00,1,2,39,71,3446,7031,0,0,0,0
2026-08-08T16:59:39.671925+00:00,1,4294967294,0,0,0,0,0,0,0,0
2026-08-08T16:59:39.671925+00:00,1,1,39,71,3446,7031,0,0,0,0
2026-08-08T16:59:39.671925+00:00,1,2,39,71,3446,7031,0,0,0,0
2026-08-08T16:59:44.672888+00:00,1,4294967294,0,0,0,0,0,0,0,0
2026-08-08T16:59:44.672888+00:00,1,1,39,71,3446,7031,0,0,0,0
2026-08-08T16:59:44.672888+00:00,1,2,39,71,3446,7031,0,0,0,0
2026-08-08T16:59:49.673420+00:00,1,4294967294,0,0,0,0,0,0,0,0
2026-08-08T16:59:49.673420+00:00,1,1,39,71,3446,7031,0,0,0,0
2026-08-08T16:59:49.673420+00:00,1,2,39,71,3446,7031,0,0,0,0
2026-08-08T16:59:54.672865+00:00,1,4294967294,0,0,0,0,0,0,0,0
2026-08-08T16:59:54.672865+00:00,1,1,39,71,3446,7031,0,0,0,0
2026-08-08T16:59:54.672865+00:00,1,2,39,71,3446,7031,0,0,0,0
2026-08-08T16:59:59.675225+00:00,1,4294967294,0,0,0,0,0,0,0,0
2026-08-08T16:59:59.675225+00:00,1,1,39,71,3446,7031,0,0,0,0
2026-08-08T16:59:59.675225+00:00,1,2,39,71,3446,7031,0,0,0,0
2026-08-08T17:00:04.676375+00:00,1,4294967294,0,0,0,0,0,0,0,0
2026-08-08T17:00:04.676375+00:00,1,1,39,71,3446,7031,0,0,0,0
2026-08-08T17:00:04.676375+00:00,1,2,39,71,3446,7031,0,0,0,0
2026-08-08T17:00:09.678752+00:00,1,4294967294,0,0,0,0,0,0,0,0
2026-08-08T17:00:09.678752+00:00,1,1,39,71,3446,7031,0,0,0,0
2026-08-08T17:00:09.678752+00:00,1,2,39,71,3446,7031,0,0,0,0
2026-08-08T17:00:14.680499+00:00,1,4294967294,0,0,0,0,0,0,0,0
2026-08-08T17:00:14.680499+00:00,1,1,39,71,3446,7031,0,0,0,0
2026-08-08T17:00:14.680499+00:00,1,2,39,71,3446,7031,0,0,0,0
2026-08-08T17:00:19.681277+00:00,1,4294967294,0,0,0,0,0,0,0,0
2026-08-08T17:00:19.681277+00:00,1,1,39,71,3446,7031,0,0,0,0
2026-08-08T17:00:19.681277+00:00,1,2,39,71,3446,7031,0,0,0,0
2026-08-08T17:00:24.684348+00:00,1,4294967294,0,0,0,0,0,0,0,0
2026-08-08T17:00:24.684348+00:00,1,1,39,71,3446,7031,0,0,0,0
2026-08-08T17:00:24.684348+00:00,1,2,39,71,3446,7031,0,0,0,0
2026-08-08T17:00:29.685413+00:00,1,4294967294,0,0,0,0,0,0,0,0
2026-08-08T17:00:29.685413+00:00,1,1,39,71,3446,7031,0,0,0,0
2026-08-08T17:00:29.685413+00:00,1,2,39,71,3446,7031,0,0,0,0
2026-08-08T17:00:34.685786+00:00,1,4294967294,0,0,0,0,0,0,0,0
2026-08-08T17:00:34.685786+00:00,1,1,39,71,3446,7031,0,0,0,0
2026-08-08T17:00:34.685786+00:00,1,2,39,71,3446,7031,0,0,0,0
2026-08-08T17:00:39.687269+00:00,1,4294967294,0,0,0,0,0,0,0,0
2026-08-08T17:00:39.687269+00:00,1,1,39,71,3446,7031,0,0,0,0
2026-08-08T17:00:39.687269+00:00,1,2,39,71,3446,7031,0,0,0,0
2026-08-08T17:00:44.689025+00:00,1,4294967294,0,0,0,0,0,0,0,0
2026-08-08T17:00:44.689025+00:00,1,1,39,71,3446,7031,0,0,0,0
2026-08-08T17:00:44.689025+00:00,1,2,39,71,3446,7031,0,0,0,0
2026-08-08T17:00:49.691291+00:00,1,4294967294,0,0,0,0,0,0,0,0
2026-08-08T17:00:49.691291+00:00,1,1,39,71,3446,7031,0,0,0,0
2026-08-08T17:00:49.691291+00:00,1,2,39,71,3446,7031,0,0,0,0
2026-08-08T17:00:54.692223+00:00,1,4294967294,0,0,0,0,0,0,0,0
2026-08-08T17:00:54.692223+00:00,1,1,39,71,3446,7031,0,0,0,0
2026-08-08T17:00:54.692223+00:00,1,2,39,71,3446,7031,0,0,0,0
2026-08-08T17:00:59.694050+00:00,1,4294967294,0,0,0,0,0,0,0,0
2026-08-08T17:00:59.694050+00:00,1,1,39,71,3446,7031,0,0,0,0
2026-08-08T17:00:59.694050+00:00,1,2,39,71,3446,7031,0,0,0,0
2026-08-08T17:01:04.698081+00:00,1,4294967294,0,0,0,0,0,0,0,0
2026-08-08T17:01:04.698081+00:00,1,1,39,71,3446,7031,0,0,0,0
2026-08-08T17:01:04.698081+00:00,1,2,39,71,3446,7031,0,0,0,0
2026-08-08T17:01:09.699875+00:00,1,4294967294,0,0,0,0,0,0,0,0
2026-08-08T17:01:09.699875+00:00,1,1,39,71,3446,7031,0,0,0,0
2026-08-08T17:01:09.699875+00:00,1,2,39,71,3446,7031,0,0,0,0
2026-08-08T17:01:14.699936+00:00,1,4294967294,0,0,0,0,0,0,0,0
2026-08-08T17:01:14.699936+00:00,1,1,39,71,3446,7031,0,0,0,0
2026-08-08T17:01:14.699936+00:00,1,2,39,71,3446,7031,0,0,0,0
2026-08-08T17:01:19.701129+00:00,1,4294967294,0,0,0,0,0,0,0,0
2026-08-08T17:01:19.701129+00:00,1,1,39,71,3446,7031,0,0,0,0
2026-08-08T17:01:19.701129+00:00,1,2,39,71,3446,7031,0,0,0,0
2026-08-08T17:01:24.701728+00:00,1,4294967294,0,0,0,0,0,0,0,0
2026-08-08T17:01:24.701728+00:00,1,1,39,71,3446,7031,0,0,0,0
2026-08-08T17:01:24.701728+00:00,1,2,39,71,3446,7031,0,0,0,0
2026-08-08T17:01:29.706472+00:00,1,4294967294,0,0,0,0,0,0,0,0
2026-08-08T17:01:29.706472+00:00,1,1,39,71,3446,7031,0,0,0,0
2026-08-08T17:01:29.706472+00:00,1,2,39,71,3446,7031,0,0,0,0
2026-08-08T17:01:34.706656+00:00,1,4294967294,0,0,0,0,0,0,0,0
2026-08-08T17:01:34.706656+00:00,1,1,39,71,3446,7031,0,0,0,0
2026-08-08T17:01:34.706656+00:00,1,2,39,71,3446,7031,0,0,0,0
2026-08-08T17:01:39.708954+00:00,1,4294967294,0,0,0,0,0,0,0,0
2026-08-08T17:01:39.708954+00:00,1,1,39,71,3446,7031,0,0,0,0
2026-08-08T17:01:39.708954+00:00,1,2,39,71,3446,7031,0,0,0,0
2026-08-08T17:01:44.710943+00:00,1,4294967294,0,0,0,0,0,0,0,0
2026-08-08T17:01:44.710943+00:00,1,1,39,71,3446,7031,0,0,0,0
2026-08-08T17:01:44.710943+00:00,1,2,39,71,3446,7031,0,0,0,0
2026-08-08T17:01:49.713108+00:00,1,4294967294,0,0,0,0,0,0,0,0
2026-08-08T17:01:49.713108+00:00,1,1,39,71,3446,7031,0,0,0,0
2026-08-08T17:01:49.713108+00:00,1,2,39,71,3446,7031,0,0,0,0
2026-08-08T17:01:54.716214+00:00,1,4294967294,0,0,0,0,0,0,0,0
2026-08-08T17:01:54.716214+00:00,1,1,39,71,3446,7031,0,0,0,0
2026-08-08T17:01:54.716214+00:00,1,2,39,71,3446,7031,0,0,0,0
2026-08-08T17:01:59.717492+00:00,1,4294967294,0,0,0,0,0,0,0,0
2026-08-08T17:01:59.717492+00:00,1,1,39,71,3446,7031,0,0,0,0
2026-08-08T17:01:59.717492+00:00,1,2,39,71,3446,7031,0,0,0,0
2026-08-08T17:02:04.722270+00:00,1,4294967294,0,0,0,0,0,0,0,0
2026-08-08T17:02:04.722270+00:00,1,1,39,71,3446,7031,0,0,0,0
2026-08-08T17:02:04.722270+00:00,1,2,39,71,3446,7031,0,0,0,0
2026-08-08T17:02:09.722321+00:00,1,4294967294,0,0,0,0,0,0,0,0
2026-08-08T17:02:09.722321+00:00,1,1,39,71,3446,7031,0,0,0,0
2026-08-08T17:02:09.722321+00:00,1,2,39,71,3446,7031,0,0,0,0
2026-08-08T17:02:14.723196+00:00,1,4294967294,0,0,0,0,0,0,0,0
2026-08-08T17:02:14.723196+00:00,1,1,39,71,3446,7031,0,0,0,0
2026-08-08T17:02:14.723196+00:00,1,2,39,71,3446,7031,0,0,0,0
2026-08-08T17:02:19.725609+00:00,1,4294967294,0,0,0,0,0,0,0,0
2026-08-08T17:02:19.725609+00:00,1,1,39,71,3446,7031,0,0,0,0
2026-08-08T17:02:19.725609+00:00,1,2,39,71,3446,7031,0,0,0,0
2026-08-08T17:02:24.726881+00:00,1,4294967294,0,0,0,0,0,0,0,0
2026-08-08T17:02:24.726881+00:00,1,1,39,71,3446,7031,0,0,0,0
2026-08-08T17:02:24.726881+00:00,1,2,39,71,3446,7031,0,0,0,0
2026-08-08T17:02:29.727479+00:00,1,4294967294,0,0,0,0,0,0,0,0
2026-08-08T17:02:29.727479+00:00,1,1,39,71,3446,7031,0,0,0,0
2026-08-08T17:02:29.727479+00:00,1,2,39,71,3446,7031,0,0,0,0
2026-08-08T17:02:34.732494+00:00,1,4294967294,0,0,0,0,0,0,0,0
2026-08-08T17:02:34.732494+00:00,1,1,39,71,3446,7031,0,0,0,0
2026-08-08T17:02:34.732494+00:00,1,2,39,71,3446,7031,0,0,0,0
2026-08-08T17:02:39.731690+00:00,1,4294967294,0,0,0,0,0,0,0,0
2026-08-08T17:02:39.731690+00:00,1,1,39,71,3446,7031,0,0,0,0
2026-08-08T17:02:39.731690+00:00,1,2,39,71,3446,7031,0,0,0,0
2026-08-08T17:02:44.735791+00:00,1,4294967294,0,0,0,0,0,0,0,0
2026-08-08T17:02:44.735791+00:00,1,1,39,71,3446,7031,0,0,0,0
2026-08-08T17:02:44.735791+00:00,1,2,39,71,3446,7031,0,0,0,0
2026-08-08T17:02:49.740049+00:00,1,4294967294,0,0,0,0,0,0,0,0
2026-08-08T17:02:49.740049+00:00,1,1,39,71,3446,7031,0,0,0,0
2026-08-08T17:02:49.740049+00:00,1,2,39,71,3446,7031,0,0,0,0
2026-08-08T17:02:54.738948+00:00,1,4294967294,0,0,0,0,0,0,0,0
2026-08-08T17:02:54.738948+00:00,1,1,39,71,3446,7031,0,0,0,0
2026-08-08T17:02:54.738948+00:00,1,2,39,71,3446,7031,0,0,0,0
2026-08-08T17:02:59.740258+00:00,1,4294967294,0,0,0,0,0,0,0,0
2026-08-08T17:02:59.740258+00:00,1,1,39,71,3446,7031,0,0,0,0
2026-08-08T17:02:59.740258+00:00,1,2,39,71,3446,7031,0,0,0,0
2026-08-08T17:03:04.740876+00:00,1,4294967294,0,0,0,0,0,0,0,0
2026-08-08T17:03:04.740876+00:00,1,1,39,71,3446,7031,0,0,0,0
2026-08-08T17:03:04.740876+00:00,1,2,39,71,3446,7031,0,0,0,0
2026-08-08T17:03:09.745322+00:00,1,4294967294,0,0,0,0,0,0,0,0
2026-08-08T17:03:09.745322+00:00,1,1,39,71,3446,7031,0,0,0,0
2026-08-08T17:03:09.745322+00:00,1,2,39,71,3446,7031,0,0,0,0
2026-08-08T17:03:14.746489+00:00,1,4294967294,0,0,0,0,0,0,0,0
2026-08-08T17:03:14.746489+00:00,1,1,39,71,3446,7031,0,0,0,0
2026-08-08T17:03:14.746489+00:00,1,2,39,71,3446,7031,0,0,0,0
2026-08-08T17:03:19.750751+00:00,1,4294967294,0,0,0,0,0,0,0,0
2026-08-08T17:03:19.750751+00:00,1,1,39,71,3446,7031,0,0,0,0
2026-08-08T17:03:19.750751+00:00,1,2,39,71,3446,7031,0,0,0,0
2026-08-08T17:03:24.754414+00:00,1,4294967294,0,0,0,0,0,0,0,0
2026-08-08T17:03:24.754414+00:00,1,1,39,71,3446,7031,0,0,0,0
2026-08-08T17:03:24.754414+00:00,1,2,39,71,3446,7031,0,0,0,0
2026-08-08T17:03:29.758472+00:00,1,4294967294,0,0,0,0,0,0,0,0
2026-08-08T17:03:29.758472+00:00,1,1,39,71,3446,7031,0,0,0,0
2026-08-08T17:03:29.758472+00:00,1,2,39,71,3446,7031,0,0,0,0
2026-08-08T17:03:34.762929+00:00,1,4294967294,0,0,0,0,0,0,0,0
2026-08-08T17:03:34.762929+00:00,1,1,39,71,3446,7031,0,0,0,0
2026-08-08T17:03:34.762929+00:00,1,2,39,71,3446,7031,0,0,0,0
2026-08-08T17:03:39.768305+00:00,1,4294967294,0,0,0,0,0,0,0,0
2026-08-08T17:03:39.768305+00:00,1,1,39,71,3446,7031,0,0,0,0
2026-08-08T17:03:39.768305+00:00,1,2,39,71,3446,7031,0,0,0,0
2026-08-08T17:03:44.773887+00:00,1,4294967294,0,0,0,0,0,0,0,0
2026-08-08T17:03:44.773887+00:00,1,1,39,71,3446,7031,0,0,0,0
2026-08-08T17:03:44.773887+00:00,1,2,39,71,3446,7031,0,0,0,0
2026-08-08T17:03:49.772084+00:00,1,4294967294,0,0,0,0,0,0,0,0
2026-08-08T17:03:49.772084+00:00,1,1,39,71,3446,7031,0,0,0,0
2026-08-08T17:03:49.772084+00:00,1,2,39,71,3446,7031,0,0,0,0
2026-08-08T17:03:54.773742+00:00,1,4294967294,0,0,0,0,0,0,0,0
2026-08-08T17:03:54.773742+00:00,1,1,39,71,3446,7031,0,0,0,0
2026-08-08T17:03:54.773742+00:00,1,2,39,71,3446,7031,0,0,0,0
2026-08-08T17:03:59.777690+00:00,1,4294967294,0,0,0,0,0,0,0,0
2026-08-08T17:03:59.777690+00:00,1,1,39,71,3446,7031,0,0,0,0
2026-08-08T17:03:59.777690+00:00,1,2,39,71,3446,7031,0,0,0,0
2026-08-08T17:04:04.778115+00:00,1,4294967294,0,0,0,0,0,0,0,0
2026-08-08T17:04:04.778115+00:00,1,1,39,71,3446,7031,0,0,0,0
2026-08-08T17:04:04.778115+00:00,1,2,39,71,3446,7031,0,0,0,0
2026-08-08T17:04:09.781631+00:00,1,4294967294,0,0,0,0,0,0,0,0
2026-08-08T17:04:09.781631+00:00,1,1,39,71,3446,7031,0,0,0,0
2026-08-08T17:04:09.781631+00:00,1,2,39,71,3446,7031,0,0,0,0
2026-08-08T17:04:14.785907+00:00,1,4294967294,0,0,0,0,0,0,0,0
2026-08-08T17:04:14.785907+00:00,1,1,39,71,3446,7031,0,0,0,0
2026-08-08T17:04:14.785907+00:00,1,2,39,71,3446,7031,0,0,0,0
2026-08-08T17:04:19.786742+00:00,1,4294967294,0,0,0,0,0,0,0,0
2026-08-08T17:04:19.786742+00:00,1,1,39,71,3446,7031,0,0,0,0
2026-08-08T17:04:19.786742+00:00,1,2,39,71,3446,7031,0,0,0,0
2026-08-08T17:04:24.789357+00:00,1,4294967294,0,0,0,0,0,0,0,0
2026-08-08T17:04:24.789357+00:00,1,1,39,71,3446,7031,0,0,0,0
2026-08-08T17:04:24.789357+00:00,1,2,39,71,3446,7031,0,0,0,0
2026-08-08T17:04:29.789755+00:00,1,4294967294,0,0,0,0,0,0,0,0
2026-08-08T17:04:29.789755+00:00,1,1,39,71,3446,7031,0,0,0,0
2026-08-08T17:04:29.789755+00:00,1,2,39,71,3446,7031,0,0,0,0
2026-08-08T17:04:34.793414+00:00,1,4294967294,0,0,0,0,0,0,0,0
2026-08-08T17:04:34.793414+00:00,1,1,39,71,3446,7031,0,0,0,0
2026-08-08T17:04:34.793414+00:00,1,2,39,71,3446,7031,0,0,0,0
2026-08-08T17:04:39.799301+00:00,1,4294967294,0,0,0,0,0,0,0,0
2026-08-08T17:04:39.799301+00:00,1,1,39,71,3446,7031,0,0,0,0
2026-08-08T17:04:39.799301+00:00,1,2,39,71,3446,7031,0,0,0,0
2026-08-08T17:04:44.801877+00:00,1,4294967294,0,0,0,0,0,0,0,0
2026-08-08T17:04:44.801877+00:00,1,1,39,71,3446,7031,0,0,0,0
2026-08-08T17:04:44.801877+00:00,1,2,39,71,3446,7031,0,0,0,0
2026-08-08T17:04:49.804888+00:00,1,4294967294,0,0,0,0,0,0,0,0
2026-08-08T17:04:49.804888+00:00,1,1,39,71,3446,7031,0,0,0,0
2026-08-08T17:04:49.804888+00:00,1,2,39,71,3446,7031,0,0,0,0
2026-08-08T17:04:54.810805+00:00,1,4294967294,0,0,0,0,0,0,0,0
2026-08-08T17:04:54.810805+00:00,1,1,39,71,3446,7031,0,0,0,0
2026-08-08T17:04:54.810805+00:00,1,2,39,71,3446,7031,0,0,0,0
2026-08-08T17:04:59.814202+00:00,1,4294967294,0,0,0,0,0,0,0,0
2026-08-08T17:04:59.814202+00:00,1,1,39,71,3446,7031,0,0,0,0
2026-08-08T17:04:59.814202+00:00,1,2,39,71,3446,7031,0,0,0,0
2026-08-08T17:05:04.818857+00:00,1,4294967294,0,0,0,0,0,0,0,0
2026-08-08T17:05:04.818857+00:00,1,1,39,71,3446,7031,0,0,0,0
2026-08-08T17:05:04.818857+00:00,1,2,39,71,3446,7031,0,0,0,0
2026-08-08T17:05:09.822538+00:00,1,4294967294,0,0,0,0,0,0,0,0
2026-08-08T17:05:09.822538+00:00,1,1,39,71,3446,7031,0,0,0,0
2026-08-08T17:05:09.822538+00:00,1,2,39,71,3446,7031,0,0,0,0
2026-08-08T17:05:14.823029+00:00,1,4294967294,0,0,0,0,0,0,0,0
2026-08-08T17:05:14.823029+00:00,1,1,39,71,3446,7031,0,0,0,0
2026-08-08T17:05:14.823029+00:00,1,2,39,71,3446,7031,0,0,0,0
2026-08-08T17:05:19.823810+00:00,1,4294967294,0,0,0,0,0,0,0,0
2026-08-08T17:05:19.823810+00:00,1,1,39,71,3446,7031,0,0,0,0
2026-08-08T17:05:19.823810+00:00,1,2,39,71,3446,7031,0,0,0,0
2026-08-08T17:05:24.825953+00:00,1,4294967294,0,0,0,0,0,0,0,0
2026-08-08T17:05:24.825953+00:00,1,1,39,71,3446,7031,0,0,0,0
2026-08-08T17:05:24.825953+00:00,1,2,39,71,3446,7031,0,0,0,0
2026-08-08T17:05:29.825728+00:00,1,4294967294,0,0,0,0,0,0,0,0
2026-08-08T17:05:29.825728+00:00,1,1,39,71,3446,7031,0,0,0,0
2026-08-08T17:05:29.825728+00:00,1,2,39,71,3446,7031,0,0,0,0
2026-08-08T17:05:34.830211+00:00,1,4294967294,0,0,0,0,0,0,0,0
2026-08-08T17:05:34.830211+00:00,1,1,39,71,3446,7031,0,0,0,0
2026-08-08T17:05:34.830211+00:00,1,2,39,71,3446,7031,0,0,0,0
2026-08-08T17:05:39.830768+00:00,1,4294967294,0,0,0,0,0,0,0,0
2026-08-08T17:05:39.830768+00:00,1,1,39,71,3446,7031,0,0,0,0
2026-08-08T17:05:39.830768+00:00,1,2,39,71,3446,7031,0,0,0,0
2026-08-08T17:05:44.833844+00:00,1,4294967294,0,0,0,0,0,0,0,0
2026-08-08T17:05:44.833844+00:00,1,1,39,71,3446,7031,0,0,0,0
2026-08-08T17:05:44.833844+00:00,1,2,39,71,3446,7031,0,0,0,0
2026-08-08T17:05:49.836480+00:00,1,4294967294,0,0,0,0,0,0,0,0
2026-08-08T17:05:49.836480+00:00,1,1,39,71,3446,7031,0,0,0,0
2026-08-08T17:05:49.836480+00:00,1,2,39,71,3446,7031,0,0,0,0
2026-08-08T17:05:54.836053+00:00,1,4294967294,0,0,0,0,0,0,0,0
2026-08-08T17:05:54.836053+00:00,1,1,39,71,3446,7031,0,0,0,0
2026-08-08T17:05:54.836053+00:00,1,2,39,71,3446,7031,0,0,0,0
2026-08-08T17:05:59.837645+00:00,1,4294967294,0,0,0,0,0,0,0,0
2026-08-08T17:05:59.837645+00:00,1,1,39,71,3446,7031,0,0,0,0
2026-08-08T17:05:59.837645+00:00,1,2,39,71,3446,7031,0,0,0,0
2026-08-08T17:06:04.838136+00:00,1,4294967294,0,0,0,0,0,0,0,0
2026-08-08T17:06:04.838136+00:00,1,1,39,71,3446,7031,0,0,0,0
2026-08-08T17:06:04.838136+00:00,1,2,39,71,3446,7031,0,0,0,0
2026-08-08T17:06:09.839953+00:00,1,4294967294,0,0,0,0,0,0,0,0
2026-08-08T17:06:09.839953+00:00,1,1,39,71,3446,7031,0,0,0,0
2026-08-08T17:06:09.839953+00:00,1,2,39,71,3446,7031,0,0,0,0
2026-08-08T17:06:14.845184+00:00,1,4294967294,0,0,0,0,0,0,0,0
2026-08-08T17:06:14.845184+00:00,1,1,39,71,3446,7031,0,0,0,0
2026-08-08T17:06:14.845184+00:00,1,2,39,71,3446,7031,0,0,0,0
2026-08-08T17:06:19.849833+00:00,1,4294967294,0,0,0,0,0,0,0,0
2026-08-08T17:06:19.849833+00:00,1,1,39,71,3446,7031,0,0,0,0
2026-08-08T17:06:19.849833+00:00,1,2,39,71,3446,7031,0,0,0,0
2026-08-08T17:06:24.851394+00:00,1,4294967294,0,0,0,0,0,0,0,0
2026-08-08T17:06:24.851394+00:00,1,1,39,71,3446,7031,0,0,0,0
2026-08-08T17:06:24.851394+00:00,1,2,39,71,3446,7031,0,0,0,0
2026-08-08T17:06:29.854471+00:00,1,4294967294,0,0,0,0,0,0,0,0
2026-08-08T17:06:29.854471+00:00,1,1,39,71,3446,7031,0,0,0,0
2026-08-08T17:06:29.854471+00:00,1,2,39,71,3446,7031,0,0,0,0
2026-08-08T17:06:34.856517+00:00,1,4294967294,0,0,0,0,0,0,0,0
2026-08-08T17:06:34.856517+00:00,1,1,39,71,3446,7031,0,0,0,0
2026-08-08T17:06:34.856517+00:00,1,2,39,71,3446,7031,0,0,0,0
2026-08-08T17:06:39.857835+00:00,1,4294967294,0,0,0,0,0,0,0,0
2026-08-08T17:06:39.857835+00:00,1,1,39,71,3446,7031,0,0,0,0
2026-08-08T17:06:39.857835+00:00,1,2,39,71,3446,7031,0,0,0,0
2026-08-08T17:06:44.861754+00:00,1,4294967294,0,0,0,0,0,0,0,0
2026-08-08T17:06:44.861754+00:00,1,1,39,71,3446,7031,0,0,0,0
2026-08-08T17:06:44.861754+00:00,1,2,39,71,3446,7031,0,0,0,0
2026-08-08T17:06:49.862941+00:00,1,4294967294,0,0,0,0,0,0,0,0
2026-08-08T17:06:49.862941+00:00,1,1,39,71,3446,7031,0,0,0,0
2026-08-08T17:06:49.862941+00:00,1,2,39,71,3446,7031,0,0,0,0
2026-08-08T17:06:54.864651+00:00,1,4294967294,0,0,0,0,0,0,0,0
2026-08-08T17:06:54.864651+00:00,1,1,39,71,3446,7031,0,0,0,0
2026-08-08T17:06:54.864651+00:00,1,2,39,71,3446,7031,0,0,0,0
2026-08-08T17:06:59.867380+00:00,1,4294967294,0,0,0,0,0,0,0,0
2026-08-08T17:06:59.867380+00:00,1,1,39,71,3446,7031,0,0,0,0
2026-08-08T17:06:59.867380+00:00,1,2,39,71,3446,7031,0,0,0,0
2026-08-08T17:07:04.867691+00:00,1,4294967294,0,0,0,0,0,0,0,0
2026-08-08T17:07:04.867691+00:00,1,1,39,71,3446,7031,0,0,0,0
2026-08-08T17:07:04.867691+00:00,1,2,39,71,3446,7031,0,0,0,0
2026-08-08T17:07:09.867757+00:00,1,4294967294,0,0,0,0,0,0,0,0
2026-08-08T17:07:09.867757+00:00,1,1,39,71,3446,7031,0,0,0,0
2026-08-08T17:07:09.867757+00:00,1,2,39,71,3446,7031,0,0,0,0
