timestamp,dpid,port_no,rx_packets,tx_packets,rx_bytes,tx_bytes,rx_bytes_delta,tx_bytes_delta,rx_pkts_delta,tx_pkts_delta,time_delta,rx_throughput_mbps,tx_throughput_mbps,rx_packet_rate,tx_packet_rate
2026-09-26 07:32:28,1,1,9,12,742,956,0.0,0.0,0.0,0.0,5.0,0.0,0.0,0.0,0.0
2026-09-26 07:32:33,1,1,138,85,4728118,5934,4727376.0,4978.0,129.0,73.0,5.0,7.5638016,0.0079648,25.8,14.6
2026-09-26 07:32:38,1,1,252,124,9716378,8512,4988260.0,2578.0,114.0,39.0,5.0,7.981216,0.0041248,22.8,7.8
2026-09-26 07:32:43,1,1,1844,146,12442313,10298,2725935.0,1786.0,1592.0,22.0,5.0,4.361496,0.0028576,318.4,4.4
2026-09-26 07:32:48,1,1,4002,146,15657733,10298,3215420.0,0.0,2158.0,0.0,5.0,5.144672,0.0,431.6,0.0
2026-09-26 08:32:05,1,1,496,72,2470576,5028,2470310.0,4410.0,493.0,65.0,2.0,9.88124,0.01764,246.5,32.5
2026-09-26 08:32:07,1,1,1446,106,7563276,7272,5092700.0,2244.0,950.0,34.0,2.0,20.3708,0.008976,475.0,17.0
2026-09-26 08:32:09,1,1,2398,139,12657536,9462,5094260.0,2190.0,952.0,33.0,2.0,20.37704,0.00876,476.0,16.5
2026-09-26 08:32:11,1,1,3347,170,17619050,11460,4961514.0,1998.0,949.0,31.0,2.0,19.846056,0.007992,474.5,15.5
2026-09-26 08:32:13,1,1,4298,202,22713240,13572,5094190.0,2112.0,951.0,32.0,2.0,20.37676,0.008448,475.5,16.0
2026-09-26 08:32:15,1,1,4350,239,22863036,16673,149796.0,3101.0,52.0,37.0,2.0,0.599184,0.012404,26.0,18.5
2026-09-26 08:32:17,1,1,5329,306,29137302,21103,6274266.0,4430.0,979.0,67.0,2.0,25.097064,0.01772,489.5,33.5
2026-09-26 08:32:19,1,1,6306,348,35411432,23875,6274130.0,2772.0,977.0,42.0,2.0,25.09652,0.011088,488.5,21.0
2026-09-26 08:32:21,1,1,7284,388,41687052,26515,6275620.0,2640.0,978.0,40.0,2.0,25.10248,0.01056,489.0,20.0
2026-09-26 08:32:23,1,1,8261,426,47961182,29023,6274130.0,2508.0,977.0,38.0,2.0,25.09652,0.010032,488.5,19.0
2026-09-26 08:32:25,1,1,9253,477,54235501,33037,6274319.0,4014.0,992.0,51.0,2.0,25.097276,0.016056,496.0,25.5
2026-09-26 08:32:27,1,1,9268,491,54236919,33991,1418.0,954.0,15.0,14.0,2.0,0.005672,0.003816,7.5,7.0
2026-09-26 08:32:29,1,1,10208,535,58542507,36877,4305588.0,2886.0,940.0,44.0,2.0,17.222352,0.011544,470.0,22.0
2026-09-26 08:32:31,1,1,11141,561,62849077,38597,4306570.0,1720.0,933.0,26.0,2.0,17.22628,0.00688,466.5,13.0
2026-09-26 08:32:33,1,1,12074,585,67154227,40181,4305150.0,1584.0,933.0,24.0,2.0,17.2206,0.006336,466.5,12.0
2026-09-26 08:32:35,1,1,13007,610,71460797,41831,4306570.0,1650.0,933.0,25.0,2.0,17.22628,0.0066,466.5,12.5
2026-09-26 08:32:37,1,1,13491,637,73681396,44270,2220599.0,2439.0,484.0,27.0,2.0,8.882396,0.009756,242.0,13.5
2026-09-26 08:32:39,1,1,14577,679,76278746,47054,2597350.0,2784.0,1086.0,42.0,2.0,10.3894,0.011136,543.0,21.0
2026-09-26 08:32:41,1,1,16694,702,81335076,48572,5056330.0,1518.0,2117.0,23.0,2.0,20.22532,0.006072,1058.5,11.5
2026-09-26 08:32:43,1,1,18814,719,86522676,49694,5187600.0,1122.0,2120.0,17.0,2.0,20.7504,0.004488,1060.0,8.5
2026-09-26 08:32:45,1,1,20931,734,91579006,50684,5056330.0,990.0,2117.0,15.0,2.0,20.22532,0.00396,1058.5,7.5
2026-09-26 08:32:47,1,1,23048,749,96635336,51674,5056330.0,990.0,2117.0,15.0,2.0,20.22532,0.00396,1058.5,7.5
2026-09-26 08:32:49,1,1,25165,767,101691666,52862,5056330.0,1188.0,2117.0,18.0,2.0,20.22532,0.004752,1058.5,9.0
2026-09-26 08:32:51,1,1,26241,789,104287148,54961,2595482.0,2099.0,1076.0,22.0,2.0,10.381928,0.008396,538.0,11.0
2026-09-26 08:32:53,1,1,27317,826,106490620,57415,2203472.0,2454.0,1076.0,37.0,2.0,8.813888,0.009816,538.0,18.5
2026-09-26 08:32:55,1,1,29419,853,110890600,59197,4399980.0,1782.0,2102.0,27.0,2.0,17.59992,0.007128,1051.0,13.5
2026-09-26 08:32:57,1,1,31518,878,115159310,60847,4268710.0,1650.0,2099.0,25.0,2.0,17.07484,0.0066,1049.5,12.5
2026-09-26 08:32:59,1,1,33620,903,119559290,62497,4399980.0,1650.0,2102.0,25.0,2.0,17.59992,0.0066,1051.0,12.5
2026-09-26 08:33:01,1,1,34687,932,121760957,65063,2201667.0,2566.0,1067.0,29.0,2.0,8.806668,0.010264,533.5,14.5
2026-09-26 08:33:03,1,1,34945,1002,124646187,69695,2885230.0,4632.0,258.0,70.0,2.0,11.54092,0.018528,129.0,35.0
2026-09-26 08:33:05,1,1,35406,1040,130150057,72203,5503870.0,2508.0,461.0,38.0,2.0,22.01548,0.010032,230.5,19.0
2026-09-26 08:33:07,1,1,35865,1078,135652367,74711,5502310.0,2508.0,459.0,38.0,2.0,22.00924,0.010032,229.5,19.0
2026-09-26 08:33:09,1,1,36324,1117,141154677,77285,5502310.0,2574.0,459.0,39.0,2.0,22.00924,0.010296,229.5,19.5
2026-09-26 08:33:11,1,1,36784,1156,146658477,79863,5503800.0,2578.0,460.0,39.0,2.0,22.0152,0.010312,230.0,19.5
2026-09-26 08:33:13,1,1,37029,1189,149410583,82696,2752106.0,2833.0,245.0,33.0,2.0,11.008424,0.011332,122.5,16.5
2026-09-26 08:33:15,1,1,38134,1250,152926692,86734,3516109.0,4038.0,1105.0,61.0,2.0,14.064436,0.016152,552.5,30.5
2026-09-26 08:33:17,1,1,40290,1296,159689532,89770,6762840.0,3036.0,2156.0,46.0,2.0,27.05136,0.012144,1078.0,23.0
2026-09-26 08:33:19,1,1,42449,1325,166583642,91684,6894110.0,1914.0,2159.0,29.0,2.0,27.57644,0.007656,1079.5,14.5
2026-09-26 08:33:21,1,1,44608,1354,173477752,93598,6894110.0,1914.0,2159.0,29.0,2.0,27.57644,0.007656,1079.5,14.5
2026-09-26 08:33:23,1,1,46765,1382,180242082,95446,6764330.0,1848.0,2157.0,28.0,2.0,27.05732,0.007392,1078.5,14.0
2026-09-26 08:33:25,1,1,48927,1416,187135275,98023,6893193.0,2577.0,2162.0,34.0,2.0,27.572772,0.010308,1081.0,17.0
2026-09-26 08:33:27,1,1,48945,1427,187136991,99075,1716.0,1052.0,18.0,11.0,2.0,0.006864,0.004208,9.0,5.5
2026-09-26 08:33:29,1,1,52436,1465,192806126,101586,5669135.0,2511.0,3491.0,38.0,2.0,22.67654,0.010044,1745.5,19.0
2026-09-26 08:33:31,1,1,55912,1485,198476902,102906,5670776.0,1320.0,3476.0,20.0,2.0,22.683104,0.00528,1738.0,10.0
2026-09-26 08:33:33,1,1,59388,1503,204149102,104094,5672200.0,1188.0,3476.0,18.0,2.0,22.6888,0.004752,1738.0,9.0
2026-09-26 08:33:35,1,1,62862,1521,209819746,105282,5670644.0,1188.0,3474.0,18.0,2.0,22.682576,0.004752,1737.0,9.0
2026-09-26 08:33:37,1,1,66337,1539,215491880,106470,5672134.0,1188.0,3475.0,18.0,2.0,22.688536,0.004752,1737.5,9.0
2026-09-26 08:33:39,1,1,69807,1553,221032612,107394,5540732.0,924.0,3470.0,14.0,2.0,22.162928,0.003696,1735.0,7.0
2026-09-26 08:33:41,1,1,69830,1569,221036224,109110,3612.0,1716.0,23.0,16.0,2.0,0.014448,0.006864,11.5,8.0
2026-09-26 08:33:43,1,1,73370,1643,229199106,113997,8162882.0,4887.0,3540.0,74.0,2.0,32.651528,0.019548,1770.0,37.0
2026-09-26 08:33:45,1,1,76893,1672,237364776,115911,8165670.0,1914.0,3523.0,29.0,2.0,32.66268,0.007656,1761.5,14.5
2026-09-26 08:33:47,1,1,80415,1698,245528956,117627,8164180.0,1716.0,3522.0,26.0,2.0,32.65672,0.006864,1761.0,13.0
2026-09-26 08:33:49,1,1,83938,1721,253694626,119145,8165670.0,1518.0,3523.0,23.0,2.0,32.66268,0.006072,1761.5,11.5
2026-09-26 08:33:51,1,1,87460,1746,261858806,120795,8164180.0,1650.0,3522.0,25.0,2.0,32.65672,0.0066,1761.0,12.5
2026-09-26 08:33:53,1,1,87483,1762,261862564,122509,3758.0,1714.0,23.0,16.0,2.0,0.015032,0.006856,11.5,8.0
2026-09-26 08:33:55,1,1,91039,1838,270811364,127528,8948800.0,5019.0,3556.0,76.0,2.0,35.7952,0.020076,1778.0,38.0
2026-09-26 08:33:57,1,1,94580,1869,279764654,129574,8953290.0,2046.0,3541.0,31.0,2.0,35.81316,0.008184,1770.5,15.5
2026-09-26 08:33:59,1,1,98117,1898,288585184,131492,8820530.0,1918.0,3537.0,29.0,2.0,35.28212,0.007672,1768.5,14.5
2026-09-26 08:34:01,1,1,101658,1929,297538474,133538,8953290.0,2046.0,3541.0,31.0,2.0,35.81316,0.008184,1770.5,15.5
2026-09-26 08:34:03,1,1,103446,1956,301955650,135968,4417176.0,2430.0,1788.0,27.0,2.0,17.668704,0.00972,894.0,13.5
2026-09-26 08:34:05,1,1,105253,2016,307151739,139940,5196089.0,3972.0,1807.0,60.0,2.0,20.784356,0.015888,903.5,30.0
2026-09-26 08:34:07,1,1,108820,2059,317284969,142778,10133230.0,2838.0,3567.0,43.0,2.0,40.53292,0.011352,1783.5,21.5
2026-09-26 08:34:09,1,1,112388,2101,327419689,145550,10134720.0,2772.0,3568.0,42.0,2.0,40.53888,0.011088,1784.0,21.0
2026-09-26 08:34:11,1,1,115957,2142,337554479,148256,10134790.0,2706.0,3569.0,41.0,2.0,40.53916,0.010824,1784.5,20.5
2026-09-26 08:34:13,1,1,119524,2182,347687709,150896,10133230.0,2640.0,3567.0,40.0,2.0,40.53292,0.01056,1783.5,20.0
2026-09-26 08:34:15,1,1,123092,2220,357822429,153404,10134720.0,2508.0,3568.0,38.0,2.0,40.53888,0.010032,1784.0,19.0
2026-09-26 08:34:17,1,1,123110,2233,357827088,154913,4659.0,1509.0,18.0,13.0,2.0,0.018636,0.006036,9.0,6.5
2026-09-26 08:34:19,1,1,126629,2291,365068280,158757,7241192.0,3844.0,3519.0,58.0,2.0,28.964768,0.015376,1759.5,29.0
2026-09-26 08:34:21,1,1,130128,2308,372183790,159879,7115510.0,1122.0,3499.0,17.0,2.0,28.46204,0.004488,1749.5,8.5
2026-09-26 08:34:23,1,1,133626,2325,379297810,161005,7114020.0,1126.0,3498.0,17.0,2.0,28.45608,0.004504,1749.0,8.5
2026-09-26 08:34:25,1,1,137128,2341,386544590,162061,7246780.0,1056.0,3502.0,16.0,2.0,28.98712,0.004224,1751.0,8.0
2026-09-26 08:34:27,1,1,140626,2356,393658610,163051,7114020.0,990.0,3498.0,15.0,2.0,28.45608,0.00396,1749.0,7.5
2026-09-26 08:34:29,1,1,144125,2372,400774120,164107,7115510.0,1056.0,3499.0,16.0,2.0,28.46204,0.004224,1749.5,8.0
2026-09-26 08:34:31,1,1,144144,2385,400780289,165633,6169.0,1526.0,19.0,13.0,2.0,0.024676,0.006104,9.5,6.5
2026-09-26 08:34:33,1,1,144543,2436,402609030,169011,1828741.0,3378.0,399.0,51.0,2.0,7.314964,0.013512,199.5,25.5
2026-09-26 08:34:35,1,1,144919,2466,404437270,170991,1828240.0,1980.0,376.0,30.0,2.0,7.31296,0.00792,188.0,15.0
2026-09-26 08:34:37,1,1,145291,2492,406132750,172707,1695480.0,1716.0,372.0,26.0,2.0,6.78192,0.006864,186.0,13.0
2026-09-26 08:34:39,1,1,145666,2521,407959500,174621,1826750.0,1914.0,375.0,29.0,2.0,7.307,0.007656,187.5,14.5
2026-09-26 08:34:41,1,1,145868,2546,408745517,176918,786017.0,2297.0,202.0,25.0,2.0,3.144068,0.009188,101.0,12.5
2026-09-26 08:34:43,1,1,146089,2587,410055438,179636,1309921.0,2718.0,221.0,41.0,2.0,5.239684,0.010872,110.5,20.5
2026-09-26 08:34:45,1,1,146479,2623,412538538,182012,2483100.0,2376.0,390.0,36.0,2.0,9.9324,0.009504,195.0,18.0
2026-09-26 08:34:47,1,1,146872,2647,415152908,183596,2614370.0,1584.0,393.0,24.0,2.0,10.45748,0.006336,196.5,12.0
2026-09-26 08:34:49,1,1,147263,2662,417637498,184586,2484590.0,990.0,391.0,15.0,2.0,9.93836,0.00396,195.5,7.5
2026-09-26 08:34:51,1,1,147653,2678,420120598,185642,2483100.0,1056.0,390.0,16.0,2.0,9.9324,0.004224,195.0,8.0
2026-09-26 08:34:53,1,1,147669,2691,420122275,187163,1677.0,1521.0,16.0,13.0,2.0,0.006708,0.006084,8.0,6.5
2026-09-26 08:34:55,1,1,150312,2742,425290305,190541,5168030.0,3378.0,2643.0,51.0,2.0,20.67212,0.013512,1321.5,25.5
2026-09-26 08:34:57,1,1,152933,2771,430463595,192455,5173290.0,1914.0,2621.0,29.0,2.0,20.69316,0.007656,1310.5,14.5
2026-09-26 08:34:59,1,1,155550,2798,435504125,194237,5040530.0,1782.0,2617.0,27.0,2.0,20.16212,0.007128,1308.5,13.5
2026-09-26 08:35:01,1,1,158170,2828,440675925,196217,5171800.0,1980.0,2620.0,30.0,2.0,20.6872,0.00792,1310.0,15.0
2026-09-26 08:35:03,1,1,158190,2841,440683581,197742,7656.0,1525.0,20.0,13.0,2.0,0.030624,0.0061,10.0,6.5
2026-09-26 07:32:28,1,2,9,12,742,960,0.0,0.0,0.0,0.0,5.0,0.0,0.0,0.0,0.0
2026-09-26 07:32:33,1,2,74,149,5080,4728992,4338.0,4728032.0,65.0,137.0,5.0,0.0069408,7.5648512,13.0,27.4
2026-09-26 07:32:38,1,2,113,264,7658,9717322,2578.0,4988330.0,39.0,115.0,5.0,0.0041248,7.981328,7.8,23.0
2026-09-26 07:32:43,1,2,125,286,8784,10112338,1126.0,395016.0,12.0,22.0,5.0,0.0018016,0.6320256,2.4,4.4
2026-09-26 07:32:48,1,2,125,286,8784,10112338,0.0,0.0,0.0,0.0,5.0,0.0,0.0,0.0,0.0
2026-09-26 08:32:05,1,2,53,74,3614,1840394,3348.0,1839776.0,50.0,67.0,2.0,0.013392,7.359104,25.0,33.5
2026-09-26 08:32:07,1,2,87,161,5858,5647224,2244.0,3806830.0,34.0,87.0,2.0,0.008976,15.22732,17.0,43.5
2026-09-26 08:32:09,1,2,118,251,7908,9454264,2050.0,3807040.0,31.0,90.0,2.0,0.0082,15.22816,15.5,45.0
2026-09-26 08:32:11,1,2,148,336,9864,13129866,1956.0,3675602.0,30.0,85.0,2.0,0.007824,14.702408,15.0,42.5
2026-09-26 08:32:13,1,2,180,423,11976,16936696,2112.0,3806830.0,32.0,87.0,2.0,0.008448,15.22732,16.0,43.5
2026-09-26 08:32:15,1,2,203,449,13833,17070057,1857.0,133361.0,23.0,26.0,2.0,0.007428,0.533444,11.5,13.0
2026-09-26 08:32:17,1,2,268,567,18123,22058593,4290.0,4988536.0,65.0,118.0,2.0,0.01716,19.954144,32.5,59.0
2026-09-26 08:32:19,1,2,310,681,20895,27046853,2772.0,4988260.0,42.0,114.0,2.0,0.011088,19.95304,21.0,57.0
2026-09-26 08:32:21,1,2,350,795,23535,32035113,2640.0,4988260.0,40.0,114.0,2.0,0.01056,19.95304,20.0,57.0
2026-09-26 08:32:23,1,2,388,909,26043,37023373,2508.0,4988260.0,38.0,114.0,2.0,0.010032,19.95304,19.0,57.0
2026-09-26 08:32:25,1,2,433,1032,29330,42012543,3287.0,4989170.0,45.0,123.0,2.0,0.013148,19.95668,22.5,61.5
2026-09-26 08:32:27,1,2,442,1041,29944,42013375,614.0,832.0,9.0,9.0,2.0,0.002456,0.003328,4.5,4.5
2026-09-26 08:32:29,1,2,483,1116,32650,45032981,2706.0,3019606.0,41.0,75.0,2.0,0.010824,12.078424,20.5,37.5
2026-09-26 08:32:31,1,2,509,1185,34370,48052191,1720.0,3019210.0,26.0,69.0,2.0,0.00688,12.07684,13.0,34.5
2026-09-26 08:32:33,1,2,533,1255,35954,51071471,1584.0,3019280.0,24.0,70.0,2.0,0.006336,12.07712,12.0,35.0
2026-09-26 08:32:35,1,2,558,1324,37604,54090681,1650.0,3019210.0,25.0,69.0,2.0,0.0066,12.07684,12.5,34.5
2026-09-26 08:32:37,1,2,577,1371,39175,55666970,1571.0,1576289.0,19.0,47.0,2.0,0.006284,6.305156,9.5,23.5
2026-09-26 08:32:39,1,2,611,1412,41439,56718490,2264.0,1051520.0,34.0,41.0,2.0,0.009056,4.20608,17.0,20.5
2026-09-26 08:32:41,1,2,634,1457,42957,58687540,1518.0,1969050.0,23.0,45.0,2.0,0.006072,7.8762,11.5,22.5
2026-09-26 08:32:43,1,2,651,1505,44079,60787860,1122.0,2100320.0,17.0,48.0,2.0,0.004488,8.40128,8.5,24.0
2026-09-26 08:32:45,1,2,666,1550,45069,62756910,990.0,1969050.0,15.0,45.0,2.0,0.00396,7.8762,7.5,22.5
2026-09-26 08:32:47,1,2,681,1595,46059,64725960,990.0,1969050.0,15.0,45.0,2.0,0.00396,7.8762,7.5,22.5
2026-09-26 08:32:49,1,2,699,1640,47247,66695010,1188.0,1969050.0,18.0,45.0,2.0,0.004752,7.8762,9.0,22.5
2026-09-26 08:32:51,1,2,715,1673,48619,67746080,1372.0,1051070.0,16.0,33.0,2.0,0.005488,4.20428,8.0,16.5
2026-09-26 08:32:53,1,2,744,1704,50553,68403723,1934.0,657643.0,29.0,31.0,2.0,0.007736,2.630572,14.5,15.5
2026-09-26 08:32:55,1,2,771,1734,52335,69716423,1782.0,1312700.0,27.0,30.0,2.0,0.007128,5.2508,13.5,15.0
2026-09-26 08:32:57,1,2,796,1761,53985,70897853,1650.0,1181430.0,25.0,27.0,2.0,0.0066,4.72572,12.5,13.5
2026-09-26 08:32:59,1,2,821,1791,55635,72210553,1650.0,1312700.0,25.0,30.0,2.0,0.0066,5.2508,12.5,15.0
2026-09-26 08:33:01,1,2,844,1815,57475,72867811,1840.0,657258.0,23.0,24.0,2.0,0.00736,2.629032,11.5,12.0
2026-09-26 08:33:03,1,2,906,1892,61587,75494572,4112.0,2626761.0,62.0,77.0,2.0,0.016448,10.507044,31.0,38.5
2026-09-26 08:33:05,1,2,944,2007,64095,80482902,2508.0,4988330.0,38.0,115.0,2.0,0.010032,19.95332,19.0,57.5
2026-09-26 08:33:07,1,2,982,2121,66603,85471162,2508.0,4988260.0,38.0,114.0,2.0,0.010032,19.95304,19.0,57.0
2026-09-26 08:33:09,1,2,1021,2235,69177,90459422,2574.0,4988260.0,39.0,114.0,2.0,0.010296,19.95304,19.5,57.0
2026-09-26 08:33:11,1,2,1059,2350,71685,95447752,2508.0,4988330.0,38.0,115.0,2.0,0.010032,19.95332,19.0,57.5
2026-09-26 08:33:13,1,2,1085,2416,73719,97942808,2034.0,2495056.0,26.0,66.0,2.0,0.008136,9.980224,13.0,33.0
2026-09-26 08:33:15,1,2,1138,2477,77237,99913157,3518.0,1970349.0,53.0,61.0,2.0,0.014072,7.881396,26.5,30.5
2026-09-26 08:33:17,1,2,1184,2561,80273,103588717,3036.0,3675560.0,46.0,84.0,2.0,0.012144,14.70224,23.0,42.0
2026-09-26 08:33:19,1,2,1213,2648,82187,107395547,1914.0,3806830.0,29.0,87.0,2.0,0.007656,15.22732,14.5,43.5
2026-09-26 08:33:21,1,2,1242,2735,84101,111202377,1914.0,3806830.0,29.0,87.0,2.0,0.007656,15.22732,14.5,43.5
2026-09-26 08:33:23,1,2,1270,2819,85949,114877937,1848.0,3675560.0,28.0,84.0,2.0,0.007392,14.70224,14.0,42.0
2026-09-26 08:33:25,1,2,1299,2907,87863,118684834,1914.0,3806897.0,29.0,88.0,2.0,0.007656,15.227588,14.5,44.0
2026-09-26 08:33:27,1,2,1309,2921,88849,118686285,986.0,1451.0,10.0,14.0,2.0,0.003944,0.005804,5.0,7.0
2026-09-26 08:33:29,1,2,1339,2952,90840,119212664,1991.0,526379.0,30.0,31.0,2.0,0.007964,2.105516,15.0,15.5
2026-09-26 08:33:31,1,2,1359,2975,92160,119738470,1320.0,525806.0,20.0,23.0,2.0,0.00528,2.103224,10.0,11.5
2026-09-26 08:33:33,1,2,1377,2997,93348,120264210,1188.0,525740.0,18.0,22.0,2.0,0.004752,2.10296,9.0,11.0
2026-09-26 08:33:35,1,2,1395,3018,94536,120789884,1188.0,525674.0,18.0,21.0,2.0,0.004752,2.102696,9.0,10.5
2026-09-26 08:33:37,1,2,1413,3039,95724,121315558,1188.0,525674.0,18.0,21.0,2.0,0.004752,2.102696,9.0,10.5
2026-09-26 08:33:39,1,2,1427,3055,96648,121709830,924.0,394272.0,14.0,16.0,2.0,0.003696,1.577088,7.0,8.0
2026-09-26 08:33:41,1,2,1437,3070,97636,121711328,988.0,1498.0,10.0,15.0,2.0,0.003952,0.005992,5.0,7.5
2026-09-26 08:33:43,1,2,1503,3150,102003,124731309,4367.0,3019981.0,66.0,80.0,2.0,0.017468,12.079924,33.0,40.0
2026-09-26 08:33:45,1,2,1532,3219,103917,127750519,1914.0,3019210.0,29.0,69.0,2.0,0.007656,12.07684,14.5,34.5
2026-09-26 08:33:47,1,2,1558,3288,105633,130769729,1716.0,3019210.0,26.0,69.0,2.0,0.006864,12.07684,13.0,34.5
2026-09-26 08:33:49,1,2,1581,3357,107151,133788939,1518.0,3019210.0,23.0,69.0,2.0,0.006072,12.07684,11.5,34.5
2026-09-26 08:33:51,1,2,1606,3426,108801,136808149,1650.0,3019210.0,25.0,69.0,2.0,0.0066,12.07684,12.5,34.5
2026-09-26 08:33:53,1,2,1616,3441,109788,136809648,987.0,1499.0,10.0,15.0,2.0,0.003948,0.005996,5.0,7.5
2026-09-26 08:33:55,1,2,1684,3539,114287,140617249,4499.0,3807601.0,68.0,98.0,2.0,0.017996,15.230404,34.0,49.0
2026-09-26 08:33:57,1,2,1715,3626,116333,144424079,2046.0,3806830.0,31.0,87.0,2.0,0.008184,15.22732,15.5,43.5
2026-09-26 08:33:59,1,2,1744,3710,118251,148099639,1918.0,3675560.0,29.0,84.0,2.0,0.007672,14.70224,14.5,42.0
2026-09-26 08:34:01,1,2,1775,3797,120297,151906469,2046.0,3806830.0,31.0,87.0,2.0,0.008184,15.22732,15.5,43.5
2026-09-26 08:34:03,1,2,1796,3848,122000,153745175,1703.0,1838706.0,21.0,51.0,2.0,0.006812,7.354824,10.5,25.5
2026-09-26 08:34:05,1,2,1848,3923,125452,156371804,3452.0,2626629.0,52.0,75.0,2.0,0.013808,10.506516,26.0,37.5
2026-09-26 08:34:07,1,2,1891,4037,128290,161360064,2838.0,4988260.0,43.0,114.0,2.0,0.011352,19.95304,21.5,57.0
2026-09-26 08:34:09,1,2,1933,4151,131062,166348324,2772.0,4988260.0,42.0,114.0,2.0,0.011088,19.95304,21.0,57.0
2026-09-26 08:34:11,1,2,1974,4266,133768,171336654,2706.0,4988330.0,41.0,115.0,2.0,0.010824,19.95332,20.5,57.5
2026-09-26 08:34:13,1,2,2014,4380,136408,176324914,2640.0,4988260.0,40.0,114.0,2.0,0.01056,19.95304,20.0,57.0
2026-09-26 08:34:15,1,2,2052,4494,138916,181313174,2508.0,4988260.0,38.0,114.0,2.0,0.010032,19.95304,19.0,57.0
2026-09-26 08:34:17,1,2,2059,4503,139696,181314084,780.0,910.0,7.0,9.0,2.0,0.00312,0.00364,3.5,4.5
2026-09-26 08:34:19,1,2,2108,4566,142950,183415636,3254.0,2101552.0,49.0,63.0,2.0,0.013016,8.406208,24.5,31.5
2026-09-26 08:34:21,1,2,2125,4611,144072,185384686,1122.0,1969050.0,17.0,45.0,2.0,0.004488,7.8762,8.5,22.5
2026-09-26 08:34:23,1,2,2141,4656,145128,187353736,1056.0,1969050.0,16.0,45.0,2.0,0.004224,7.8762,8.0,22.5
2026-09-26 08:34:25,1,2,2157,4704,146184,189454056,1056.0,2100320.0,16.0,48.0,2.0,0.004224,8.40128,8.0,24.0
2026-09-26 08:34:27,1,2,2172,4749,147174,191423106,990.0,1969050.0,15.0,45.0,2.0,0.00396,7.8762,7.5,22.5
2026-09-26 08:34:29,1,2,2188,4794,148230,193392156,1056.0,1969050.0,16.0,45.0,2.0,0.004224,7.8762,8.0,22.5
2026-09-26 08:34:31,1,2,2195,4803,149031,193393085,801.0,929.0,7.0,9.0,2.0,0.003204,0.003716,3.5,4.5
2026-09-26 08:34:33,1,2,2238,4850,151889,194707148,2858.0,1314063.0,43.0,47.0,2.0,0.011432,5.256252,21.5,23.5
2026-09-26 08:34:35,1,2,2268,4880,153869,196019848,1980.0,1312700.0,30.0,30.0,2.0,0.00792,5.2508,15.0,15.0
2026-09-26 08:34:37,1,2,2294,4907,155585,197201278,1716.0,1181430.0,26.0,27.0,2.0,0.006864,4.72572,13.0,13.5
2026-09-26 08:34:39,1,2,2323,4937,157499,198513978,1914.0,1312700.0,29.0,30.0,2.0,0.007656,5.2508,14.5,15.0
2026-09-26 08:34:41,1,2,2342,4958,159068,199039965,1569.0,525987.0,19.0,21.0,2.0,0.006276,2.103948,9.5,10.5
2026-09-26 08:34:43,1,2,2375,4998,161266,200091418,2198.0,1051453.0,33.0,40.0,2.0,0.008792,4.205812,16.5,20.0
2026-09-26 08:34:45,1,2,2411,5043,163642,202060468,2376.0,1969050.0,36.0,45.0,2.0,0.009504,7.8762,18.0,22.5
2026-09-26 08:34:47,1,2,2435,5091,165226,204160788,1584.0,2100320.0,24.0,48.0,2.0,0.006336,8.40128,12.0,24.0
2026-09-26 08:34:49,1,2,2450,5136,166216,206129838,990.0,1969050.0,15.0,45.0,2.0,0.00396,7.8762,7.5,22.5
2026-09-26 08:34:51,1,2,2466,5181,167272,208098888,1056.0,1969050.0,16.0,45.0,2.0,0.004224,7.8762,8.0,22.5
2026-09-26 08:34:53,1,2,2473,5190,168066,208099795,794.0,907.0,7.0,9.0,2.0,0.003176,0.003628,3.5,4.5
2026-09-26 08:34:55,1,2,2516,5239,170924,209413986,2858.0,1314191.0,43.0,49.0,2.0,0.011432,5.256764,21.5,24.5
2026-09-26 08:34:57,1,2,2545,5269,172838,210726686,1914.0,1312700.0,29.0,30.0,2.0,0.007656,5.2508,14.5,15.0
2026-09-26 08:34:59,1,2,2572,5296,174620,211908116,1782.0,1181430.0,27.0,27.0,2.0,0.007128,4.72572,13.5,13.5
2026-09-26 08:35:01,1,2,2602,5326,176600,213220816,1980.0,1312700.0,30.0,30.0,2.0,0.00792,5.2508,15.0,15.0
2026-09-26 08:35:03,1,2,2609,5335,177399,213221742,799.0,926.0,7.0,9.0,2.0,0.003196,0.003704,3.5,4.5
2026-09-26 07:32:28,1,3,9,13,742,1046,0.0,0.0,0.0,0.0,5.0,0.0,0.0,0.0,0.0
2026-09-26 07:32:33,1,3,15,26,1146,2020,404.0,974.0,6.0,13.0,5.0,0.0006464,0.0015584,1.2,2.6
2026-09-26 07:32:38,1,3,15,27,1146,2090,0.0,70.0,0.0,1.0,5.0,0.0,0.000112,0.0,0.2
2026-09-26 07:32:43,1,3,24,1602,1736,2333359,590.0,2331269.0,9.0,1575.0,5.0,0.000944,3.7300304,1.8,315.0
2026-09-26 07:32:48,1,3,24,3760,1736,5548779,0.0,3215420.0,0.0,2158.0,5.0,0.0,5.144672,0.0,431.6
2026-09-26 08:32:05,1,3,15,450,1078,632486,812.0,631708.0,12.0,441.0,2.0,0.003248,2.526832,6.0,220.5
2026-09-26 08:32:07,1,3,15,1313,1078,1918356,0.0,1285870.0,0.0,863.0,2.0,0.0,5.14348,0.0,431.5
2026-09-26 08:32:09,1,3,16,2180,1148,3205926,70.0,1287570.0,1.0,867.0,2.0,0.00028,5.15028,0.5,433.5
2026-09-26 08:32:11,1,3,17,3044,1190,4491838,42.0,1285912.0,1.0,864.0,2.0,0.000168,5.143648,0.5,432.0
2026-09-26 08:32:13,1,3,17,3908,1190,5779198,0.0,1287360.0,0.0,864.0,2.0,0.0,5.14944,0.0,432.0
2026-09-26 08:32:15,1,3,31,3935,2434,5795703,1244.0,16505.0,14.0,27.0,2.0,0.004976,0.06602,7.0,13.5
2026-09-26 08:32:17,1,3,32,4800,2504,7081713,70.0,1286010.0,1.0,865.0,2.0,0.00028,5.14404,0.5,432.5
2026-09-26 08:32:19,1,3,32,5663,2504,8367583,0.0,1285870.0,0.0,863.0,2.0,0.0,5.14348,0.0,431.5
2026-09-26 08:32:21,1,3,32,6527,2504,9654943,0.0,1287360.0,0.0,864.0,2.0,0.0,5.14944,0.0,432.0
2026-09-26 08:32:23,1,3,32,7390,2504,10940813,0.0,1285870.0,0.0,863.0,2.0,0.0,5.14348,0.0,431.5
2026-09-26 08:32:25,1,3,38,8259,3231,12225962,727.0,1285149.0,6.0,869.0,2.0,0.002908,5.140596,3.0,434.5
2026-09-26 08:32:27,1,3,43,8265,3571,12226548,340.0,586.0,5.0,6.0,2.0,0.00136,0.002344,2.5,3.0
2026-09-26 08:32:29,1,3,46,9130,3751,13512530,180.0,1285982.0,3.0,865.0,2.0,0.00072,5.143928,1.5,432.5
2026-09-26 08:32:31,1,3,46,9995,3751,14799960,0.0,1287430.0,0.0,865.0,2.0,0.0,5.14972,0.0,432.5
2026-09-26 08:32:33,1,3,46,10859,3751,16085900,0.0,1285940.0,0.0,864.0,2.0,0.0,5.14376,0.0,432.0
2026-09-26 08:32:35,1,3,46,11724,3751,17373330,0.0,1287430.0,0.0,865.0,2.0,0.0,5.14972,0.0,432.5
2026-09-26 08:32:37,1,3,53,12163,4549,18017780,798.0,644450.0,7.0,439.0,2.0,0.003192,2.5778,3.5,219.5
2026-09-26 08:32:39,1,3,61,13208,5069,19563610,520.0,1545830.0,8.0,1045.0,2.0,0.00208,6.18332,4.0,522.5
2026-09-26 08:32:41,1,3,61,15280,5069,22650890,0.0,3087280.0,0.0,2072.0,2.0,0.0,12.34912,0.0,1036.0
2026-09-26 08:32:43,1,3,61,17352,5069,25738170,0.0,3087280.0,0.0,2072.0,2.0,0.0,12.34912,0.0,1036.0
2026-09-26 08:32:45,1,3,61,19424,5069,28825450,0.0,3087280.0,0.0,2072.0,2.0,0.0,12.34912,0.0,1036.0
2026-09-26 08:32:47,1,3,61,21496,5069,31912730,0.0,3087280.0,0.0,2072.0,2.0,0.0,12.34912,0.0,1036.0
2026-09-26 08:32:49,1,3,61,23568,5069,35000010,0.0,3087280.0,0.0,2072.0,2.0,0.0,12.34912,0.0,1036.0
2026-09-26 08:32:51,1,3,67,24611,5796,36544422,727.0,1544412.0,6.0,1043.0,2.0,0.002908,6.177648,3.0,521.5
2026-09-26 08:32:53,1,3,75,25656,6316,38090251,520.0,1545829.0,8.0,1045.0,2.0,0.00208,6.183316,4.0,522.5
2026-09-26 08:32:55,1,3,75,27728,6316,41177531,0.0,3087280.0,0.0,2072.0,2.0,0.0,12.34912,0.0,1036.0
2026-09-26 08:32:57,1,3,75,29801,6316,44266301,0.0,3088770.0,0.0,2073.0,2.0,0.0,12.35508,0.0,1036.5
2026-09-26 08:32:59,1,3,75,31873,6316,47353581,0.0,3087280.0,0.0,2072.0,2.0,0.0,12.34912,0.0,1036.0
2026-09-26 08:33:01,1,3,81,32916,7042,48896570,726.0,1542989.0,6.0,1043.0,2.0,0.002904,6.171956,3.0,521.5
2026-09-26 08:33:03,1,3,89,33097,7562,49155039,520.0,258469.0,8.0,181.0,2.0,0.00208,1.033876,4.0,90.5
2026-09-26 08:33:05,1,3,89,33444,7562,49670649,0.0,515610.0,0.0,347.0,2.0,0.0,2.06244,0.0,173.5
2026-09-26 08:33:07,1,3,89,33789,7562,50184699,0.0,514050.0,0.0,345.0,2.0,0.0,2.0562,0.0,172.5
2026-09-26 08:33:09,1,3,89,34135,7562,50698819,0.0,514120.0,0.0,346.0,2.0,0.0,2.05648,0.0,173.0
2026-09-26 08:33:11,1,3,90,34481,7632,51214359,70.0,515540.0,1.0,346.0,2.0,0.00028,2.06216,0.5,173.0
2026-09-26 08:33:13,1,3,96,34660,8361,51471409,729.0,257050.0,6.0,179.0,2.0,0.002916,1.0282,3.0,89.5
2026-09-26 08:33:15,1,3,104,35705,8881,53017239,520.0,1545830.0,8.0,1045.0,2.0,0.00208,6.18332,4.0,522.5
2026-09-26 08:33:17,1,3,104,37777,8881,56104519,0.0,3087280.0,0.0,2072.0,2.0,0.0,12.34912,0.0,1036.0
2026-09-26 08:33:19,1,3,104,39849,8881,59191799,0.0,3087280.0,0.0,2072.0,2.0,0.0,12.34912,0.0,1036.0
2026-09-26 08:33:21,1,3,104,41921,8881,62279079,0.0,3087280.0,0.0,2072.0,2.0,0.0,12.34912,0.0,1036.0
2026-09-26 08:33:23,1,3,104,43994,8881,65367849,0.0,3088770.0,0.0,2073.0,2.0,0.0,12.35508,0.0,1036.5
2026-09-26 08:33:25,1,3,109,46069,9544,68454211,663.0,3086362.0,5.0,2075.0,2.0,0.002652,12.345448,2.5,1037.5
2026-09-26 08:33:27,1,3,110,46072,9610,68454410,66.0,199.0,1.0,3.0,2.0,0.000264,0.000796,0.5,1.5
2026-09-26 08:33:29,1,3,118,49532,10130,73597166,520.0,5142756.0,8.0,3460.0,2.0,0.00208,20.571024,4.0,1730.0
2026-09-26 08:33:31,1,3,118,52985,10130,78742136,0.0,5144970.0,0.0,3453.0,2.0,0.0,20.57988,0.0,1726.5
2026-09-26 08:33:33,1,3,118,56439,10130,83888596,0.0,5146460.0,0.0,3454.0,2.0,0.0,20.58584,0.0,1727.0
2026-09-26 08:33:35,1,3,118,59892,10130,89033566,0.0,5144970.0,0.0,3453.0,2.0,0.0,20.57988,0.0,1726.5
2026-09-26 08:33:37,1,3,118,63346,10130,94180026,0.0,5146460.0,0.0,3454.0,2.0,0.0,20.58584,0.0,1727.0
2026-09-26 08:33:39,1,3,118,66800,10130,99326486,0.0,5146460.0,0.0,3454.0,2.0,0.0,20.58584,0.0,1727.0
2026-09-26 08:33:41,1,3,124,66809,10858,99328811,728.0,2325.0,6.0,9.0,2.0,0.002912,0.0093,3.0,4.5
2026-09-26 08:33:43,1,3,132,70269,11378,104472991,520.0,5144180.0,8.0,3460.0,2.0,0.00208,20.57672,4.0,1730.0
2026-09-26 08:33:45,1,3,132,73722,11378,109617961,0.0,5144970.0,0.0,3453.0,2.0,0.0,20.57988,0.0,1726.5
2026-09-26 08:33:47,1,3,132,77175,11378,114762931,0.0,5144970.0,0.0,3453.0,2.0,0.0,20.57988,0.0,1726.5
2026-09-26 08:33:49,1,3,132,80629,11378,119909391,0.0,5146460.0,0.0,3454.0,2.0,0.0,20.58584,0.0,1727.0
2026-09-26 08:33:51,1,3,132,84082,11378,125054361,0.0,5144970.0,0.0,3453.0,2.0,0.0,20.57988,0.0,1726.5
2026-09-26 08:33:53,1,3,138,84090,12105,125056620,727.0,2259.0,6.0,8.0,2.0,0.002908,0.009036,3.0,4.0
2026-09-26 08:33:55,1,3,146,87548,12625,130197819,520.0,5141199.0,8.0,3458.0,2.0,0.00208,20.564796,4.0,1729.0
2026-09-26 08:33:57,1,3,146,91002,12625,135344279,0.0,5146460.0,0.0,3454.0,2.0,0.0,20.58584,0.0,1727.0
2026-09-26 08:33:59,1,3,146,94456,12625,140489319,0.0,5145040.0,0.0,3454.0,2.0,0.0,20.58016,0.0,1727.0
2026-09-26 08:34:01,1,3,146,97910,12625,145635779,0.0,5146460.0,0.0,3454.0,2.0,0.0,20.58584,0.0,1727.0
2026-09-26 08:34:03,1,3,152,99647,13352,148214249,727.0,2578470.0,6.0,1737.0,2.0,0.002908,10.31388,3.0,868.5
2026-09-26 08:34:05,1,3,160,101379,13872,150783709,520.0,2569460.0,8.0,1732.0,2.0,0.00208,10.27784,4.0,866.0
2026-09-26 08:34:07,1,3,160,104832,13872,155928679,0.0,5144970.0,0.0,3453.0,2.0,0.0,20.57988,0.0,1726.5
2026-09-26 08:34:09,1,3,160,108286,13872,161075139,0.0,5146460.0,0.0,3454.0,2.0,0.0,20.58584,0.0,1727.0
2026-09-26 08:34:11,1,3,160,111741,13872,166221669,0.0,5146530.0,0.0,3455.0,2.0,0.0,20.58612,0.0,1727.5
2026-09-26 08:34:13,1,3,160,115194,13872,171366639,0.0,5144970.0,0.0,3453.0,2.0,0.0,20.57988,0.0,1726.5
2026-09-26 08:34:15,1,3,160,118648,13872,176513099,0.0,5146460.0,0.0,3454.0,2.0,0.0,20.58584,0.0,1727.0
2026-09-26 08:34:17,1,3,166,118658,14601,176516918,729.0,3819.0,6.0,10.0,2.0,0.002916,0.015276,3.0,5.0
2026-09-26 08:34:19,1,3,175,122115,15191,181656628,590.0,5139710.0,9.0,3457.0,2.0,0.00236,20.55884,4.5,1728.5
2026-09-26 08:34:21,1,3,175,125569,15191,186803088,0.0,5146460.0,0.0,3454.0,2.0,0.0,20.58584,0.0,1727.0
2026-09-26 08:34:23,1,3,175,129022,15191,191948058,0.0,5144970.0,0.0,3453.0,2.0,0.0,20.57988,0.0,1726.5
2026-09-26 08:34:25,1,3,175,132476,15191,197094518,0.0,5146460.0,0.0,3454.0,2.0,0.0,20.58584,0.0,1727.0
2026-09-26 08:34:27,1,3,175,135929,15191,202239488,0.0,5144970.0,0.0,3453.0,2.0,0.0,20.57988,0.0,1726.5
2026-09-26 08:34:29,1,3,175,139383,15191,207385948,0.0,5146460.0,0.0,3454.0,2.0,0.0,20.58584,0.0,1727.0
2026-09-26 08:34:31,1,3,181,139393,15916,207391188,725.0,5240.0,6.0,10.0,2.0,0.0029,0.02096,3.0,5.0
2026-09-26 08:34:33,1,3,189,139746,16436,207905936,520.0,514748.0,8.0,353.0,2.0,0.00208,2.058992,4.0,176.5
2026-09-26 08:34:35,1,3,189,140092,16436,208421476,0.0,515540.0,0.0,346.0,2.0,0.0,2.06216,0.0,173.0
2026-09-26 08:34:37,1,3,189,140437,16436,208935526,0.0,514050.0,0.0,345.0,2.0,0.0,2.0562,0.0,172.5
2026-09-26 08:34:39,1,3,189,140782,16436,209449576,0.0,514050.0,0.0,345.0,2.0,0.0,2.0562,0.0,172.5
2026-09-26 08:34:41,1,3,195,140963,17164,209709606,728.0,260030.0,6.0,181.0,2.0,0.002912,1.04012,3.0,90.5
2026-09-26 08:34:43,1,3,203,141144,17684,209968074,520.0,258468.0,8.0,181.0,2.0,0.00208,1.033872,4.0,90.5
2026-09-26 08:34:45,1,3,203,141489,17684,210482124,0.0,514050.0,0.0,345.0,2.0,0.0,2.0562,0.0,172.5
2026-09-26 08:34:47,1,3,203,141834,17684,210996174,0.0,514050.0,0.0,345.0,2.0,0.0,2.0562,0.0,172.5
2026-09-26 08:34:49,1,3,203,142180,17684,211511714,0.0,515540.0,0.0,346.0,2.0,0.0,2.06216,0.0,173.0
2026-09-26 08:34:51,1,3,203,142525,17684,212025764,0.0,514050.0,0.0,345.0,2.0,0.0,2.0562,0.0,172.5
2026-09-26 08:34:53,1,3,209,142532,18411,212026534,727.0,770.0,6.0,7.0,2.0,0.002908,0.00308,3.0,3.5
2026-09-26 08:34:55,1,3,217,145126,18931,215880373,520.0,3853839.0,8.0,2594.0,2.0,0.00208,15.415356,4.0,1297.0
2026-09-26 08:34:57,1,3,217,147717,18931,219740963,0.0,3860590.0,0.0,2591.0,2.0,0.0,15.44236,0.0,1295.5
2026-09-26 08:34:59,1,3,217,150307,18931,223600063,0.0,3859100.0,0.0,2590.0,2.0,0.0,15.4364,0.0,1295.0
2026-09-26 08:35:01,1,3,217,152897,18931,227459163,0.0,3859100.0,0.0,2590.0,2.0,0.0,15.4364,0.0,1295.0
2026-09-26 08:35:03,1,3,223,152908,19657,227465893,726.0,6730.0,6.0,11.0,2.0,0.002904,0.02692,3.0,5.5
