timestamp,dpid,port_no,rx_packets,tx_packets,rx_bytes,tx_bytes
2026-09-26 07:32:28,1,1,9,12,742,956
2026-09-26 07:32:28,1,2,9,12,742,960
2026-09-26 07:32:28,1,3,9,13,742,1046
2026-09-26 07:32:33,1,1,138,85,4728118,5934
2026-09-26 07:32:33,1,2,74,149,5080,4728992
2026-09-26 07:32:33,1,3,15,26,1146,2020
2026-09-26 07:32:38,1,1,252,124,9716378,8512
2026-09-26 07:32:38,1,2,113,264,7658,9717322
2026-09-26 07:32:38,1,3,15,27,1146,2090
2026-09-26 07:32:43,1,1,1844,146,12442313,10298
2026-09-26 07:32:43,1,2,125,286,8784,10112338
2026-09-26 07:32:43,1,3,24,1602,1736,2333359
2026-09-26 07:32:48,1,1,4002,146,15657733,10298
2026-09-26 07:32:48,1,2,125,286,8784,10112338
2026-09-26 07:32:48,1,3,24,3760,1736,5548779
2026-09-26 08:32:03,1,1,3,7,266,618
2026-09-26 08:32:03,1,2,3,7,266,618
2026-09-26 08:32:03,1,3,3,9,266,778
2026-09-26 08:32:05,1,1,496,72,2470576,5028
2026-09-26 08:32:05,1,2,53,74,3614,1840394
2026-09-26 08:32:05,1,3,15,450,1078,632486
2026-09-26 08:32:07,1,1,1446,106,7563276,7272
2026-09-26 08:32:07,1,2,87,161,5858,5647224
2026-09-26 08:32:07,1,3,15,1313,1078,1918356
2026-09-26 08:32:09,1,1,2398,139,12657536,9462
2026-09-26 08:32:09,1,2,118,251,7908,9454264
2026-09-26 08:32:09,1,3,16,2180,1148,3205926
2026-09-26 08:32:11,1,1,3347,170,17619050,11460
2026-09-26 08:32:11,1,2,148,336,9864,13129866
2026-09-26 08:32:11,1,3,17,3044,1190,4491838
2026-09-26 08:32:13,1,1,4298,202,22713240,13572
2026-09-26 08:32:13,1,2,180,423,11976,16936696
2026-09-26 08:32:13,1,3,17,3908,1190,5779198
2026-09-26 08:32:15,1,1,4350,239,22863036,16673
2026-09-26 08:32:15,1,2,203,449,13833,17070057
2026-09-26 08:32:15,1,3,31,3935,2434,5795703
2026-09-26 08:32:17,1,1,5329,306,29137302,21103
2026-09-26 08:32:17,1,2,268,567,18123,22058593
2026-09-26 08:32:17,1,3,32,4800,2504,7081713
2026-09-26 08:32:19,1,1,6306,348,35411432,23875
2026-09-26 08:32:19,1,2,310,681,20895,27046853
2026-09-26 08:32:19,1,3,32,5663,2504,8367583
2026-09-26 08:32:21,1,1,7284,388,41687052,26515
2026-09-26 08:32:21,1,2,350,795,23535,32035113
2026-09-26 08:32:21,1,3,32,6527,2504,9654943
2026-09-26 08:32:23,1,1,8261,426,47961182,29023
2026-09-26 08:32:23,1,2,388,909,26043,37023373
2026-09-26 08:32:23,1,3,32,7390,2504,10940813
2026-09-26 08:32:25,1,1,9253,477,54235501,33037
2026-09-26 08:32:25,1,2,433,1032,29330,42012543
2026-09-26 08:32:25,1,3,38,8259,3231,12225962
2026-09-26 08:32:27,1,1,9268,491,54236919,33991
2026-09-26 08:32:27,1,2,442,1041,29944,42013375
2026-09-26 08:32:27,1,3,43,8265,3571,12226548
2026-09-26 08:32:29,1,1,10208,535,58542507,36877
2026-09-26 08:32:29,1,2,483,1116,32650,45032981
2026-09-26 08:32:29,1,3,46,9130,3751,13512530
2026-09-26 08:32:31,1,1,11141,561,62849077,38597
2026-09-26 08:32:31,1,2,509,1185,34370,48052191
2026-09-26 08:32:31,1,3,46,9995,3751,14799960
2026-09-26 08:32:33,1,1,12074,585,67154227,40181
2026-09-26 08:32:33,1,2,533,1255,35954,51071471
2026-09-26 08:32:33,1,3,46,10859,3751,16085900
2026-09-26 08:32:35,1,1,13007,610,71460797,41831
2026-09-26 08:32:35,1,2,558,1324,37604,54090681
2026-09-26 08:32:35,1,3,46,11724,3751,17373330
2026-09-26 08:32:37,1,1,13491,637,73681396,44270
2026-09-26 08:32:37,1,2,577,1371,39175,55666970
2026-09-26 08:32:37,1,3,53,12163,4549,18017780
2026-09-26 08:32:39,1,1,14577,679,76278746,47054
2026-09-26 08:32:39,1,2,611,1412,41439,56718490
2026-09-26 08:32:39,1,3,61,13208,5069,19563610
2026-09-26 08:32:41,1,1,16694,702,81335076,48572
2026-09-26 08:32:41,1,2,634,1457,42957,58687540
2026-09-26 08:32:41,1,3,61,15280,5069,22650890
2026-09-26 08:32:43,1,1,18814,719,86522676,49694
2026-09-26 08:32:43,1,2,651,1505,44079,60787860
2026-09-26 08:32:43,1,3,61,17352,5069,25738170
2026-09-26 08:32:45,1,1,20931,734,91579006,50684
2026-09-26 08:32:45,1,2,666,1550,45069,62756910
2026-09-26 08:32:45,1,3,61,19424,5069,28825450
2026-09-26 08:32:47,1,1,23048,749,96635336,51674
2026-09-26 08:32:47,1,2,681,1595,46059,64725960
2026-09-26 08:32:47,1,3,61,21496,5069,31912730
2026-09-26 08:32:49,1,1,25165,767,101691666,52862
2026-09-26 08:32:49,1,2,699,1640,47247,66695010
2026-09-26 08:32:49,1,3,61,23568,5069,35000010
2026-09-26 08:32:51,1,1,26241,789,104287148,54961
2026-09-26 08:32:51,1,2,715,1673,48619,67746080
2026-09-26 08:32:51,1,3,67,24611,5796,36544422
2026-09-26 08:32:53,1,1,27317,826,106490620,57415
2026-09-26 08:32:53,1,2,744,1704,50553,68403723
2026-09-26 08:32:53,1,3,75,25656,6316,38090251
2026-09-26 08:32:55,1,1,29419,853,110890600,59197
2026-09-26 08:32:55,1,2,771,1734,52335,69716423
2026-09-26 08:32:55,1,3,75,27728,6316,41177531
2026-09-26 08:32:57,1,1,31518,878,115159310,60847
2026-09-26 08:32:57,1,2,796,1761,53985,70897853
2026-09-26 08:32:57,1,3,75,29801,6316,44266301
2026-09-26 08:32:59,1,1,33620,903,119559290,62497
2026-09-26 08:32:59,1,2,821,1791,55635,72210553
2026-09-26 08:32:59,1,3,75,31873,6316,47353581
2026-09-26 08:33:01,1,1,34687,932,121760957,65063
2026-09-26 08:33:01,1,2,844,1815,57475,72867811
2026-09-26 08:33:01,1,3,81,32916,7042,48896570
2026-09-26 08:33:03,1,1,34945,1002,124646187,69695
2026-09-26 08:33:03,1,2,906,1892,61587,75494572
2026-09-26 08:33:03,1,3,89,33097,7562,49155039
2026-09-26 08:33:05,1,1,35406,1040,130150057,72203
2026-09-26 08:33:05,1,2,944,2007,64095,80482902
2026-09-26 08:33:05,1,3,89,33444,7562,49670649
2026-09-26 08:33:07,1,1,35865,1078,135652367,74711
2026-09-26 08:33:07,1,2,982,2121,66603,85471162
2026-09-26 08:33:07,1,3,89,33789,7562,50184699
2026-09-26 08:33:09,1,1,36324,1117,141154677,77285
2026-09-26 08:33:09,1,2,1021,2235,69177,90459422
2026-09-26 08:33:09,1,3,89,34135,7562,50698819
2026-09-26 08:33:11,1,1,36784,1156,146658477,79863
2026-09-26 08:33:11,1,2,1059,2350,71685,95447752
2026-09-26 08:33:11,1,3,90,34481,7632,51214359
2026-09-26 08:33:13,1,1,37029,1189,149410583,82696
2026-09-26 08:33:13,1,2,1085,2416,73719,97942808
2026-09-26 08:33:13,1,3,96,34660,8361,51471409
2026-09-26 08:33:15,1,1,38134,1250,152926692,86734
2026-09-26 08:33:15,1,2,1138,2477,77237,99913157
2026-09-26 08:33:15,1,3,104,35705,8881,53017239
2026-09-26 08:33:17,1,1,40290,1296,159689532,89770
2026-09-26 08:33:17,1,2,1184,2561,80273,103588717
2026-09-26 08:33:17,1,3,104,37777,8881,56104519
2026-09-26 08:33:19,1,1,42449,1325,166583642,91684
2026-09-26 08:33:19,1,2,1213,2648,82187,107395547
2026-09-26 08:33:19,1,3,104,39849,8881,59191799
2026-09-26 08:33:21,1,1,44608,1354,173477752,93598
2026-09-26 08:33:21,1,2,1242,2735,84101,111202377
2026-09-26 08:33:21,1,3,104,41921,8881,62279079
2026-09-26 08:33:23,1,1,46765,1382,180242082,95446
2026-09-26 08:33:23,1,2,1270,2819,85949,114877937
2026-09-26 08:33:23,1,3,104,43994,8881,65367849
2026-09-26 08:33:25,1,1,48927,1416,187135275,98023
2026-09-26 08:33:25,1,2,1299,2907,87863,118684834
2026-09-26 08:33:25,1,3,109,46069,9544,68454211
2026-09-26 08:33:27,1,1,48945,1427,187136991,99075
2026-09-26 08:33:27,1,2,1309,2921,88849,118686285
2026-09-26 08:33:27,1,3,110,46072,9610,68454410
2026-09-26 08:33:29,1,1,52436,1465,192806126,101586
2026-09-26 08:33:29,1,2,1339,2952,90840,119212664
2026-09-26 08:33:29,1,3,118,49532,10130,73597166
2026-09-26 08:33:31,1,1,55912,1485,198476902,102906
2026-09-26 08:33:31,1,2,1359,2975,92160,119738470
2026-09-26 08:33:31,1,3,118,52985,10130,78742136
2026-09-26 08:33:33,1,1,59388,1503,204149102,104094
2026-09-26 08:33:33,1,2,1377,2997,93348,120264210
2026-09-26 08:33:33,1,3,118,56439,10130,83888596
2026-09-26 08:33:35,1,1,62862,1521,209819746,105282
2026-09-26 08:33:35,1,2,1395,3018,94536,120789884
2026-09-26 08:33:35,1,3,118,59892,10130,89033566
2026-09-26 08:33:37,1,1,66337,1539,215491880,106470
2026-09-26 08:33:37,1,2,1413,3039,95724,121315558
2026-09-26 08:33:37,1,3,118,63346,10130,94180026
2026-09-26 08:33:39,1,1,69807,1553,221032612,107394
2026-09-26 08:33:39,1,2,1427,3055,96648,121709830
2026-09-26 08:33:39,1,3,118,66800,10130,99326486
2026-09-26 08:33:41,1,1,69830,1569,221036224,109110
2026-09-26 08:33:41,1,2,1437,3070,97636,121711328
2026-09-26 08:33:41,1,3,124,66809,10858,99328811
2026-09-26 08:33:43,1,1,73370,1643,229199106,113997
2026-09-26 08:33:43,1,2,1503,3150,102003,124731309
2026-09-26 08:33:43,1,3,132,70269,11378,104472991
2026-09-26 08:33:45,1,1,76893,1672,237364776,115911
2026-09-26 08:33:45,1,2,1532,3219,103917,127750519
2026-09-26 08:33:45,1,3,132,73722,11378,109617961
2026-09-26 08:33:47,1,1,80415,1698,245528956,117627
2026-09-26 08:33:47,1,2,1558,3288,105633,130769729
2026-09-26 08:33:47,1,3,132,77175,11378,114762931
2026-09-26 08:33:49,1,1,83938,1721,253694626,119145
2026-09-26 08:33:49,1,2,1581,3357,107151,133788939
2026-09-26 08:33:49,1,3,132,80629,11378,119909391
2026-09-26 08:33:51,1,1,87460,1746,261858806,120795
2026-09-26 08:33:51,1,2,1606,3426,108801,136808149
2026-09-26 08:33:51,1,3,132,84082,11378,125054361
2026-09-26 08:33:53,1,1,87483,1762,261862564,122509
2026-09-26 08:33:53,1,2,1616,3441,109788,136809648
2026-09-26 08:33:53,1,3,138,84090,12105,125056620
2026-09-26 08:33:55,1,1,91039,1838,270811364,127528
2026-09-26 08:33:55,1,2,1684,3539,114287,140617249
2026-09-26 08:33:55,1,3,146,87548,12625,130197819
2026-09-26 08:33:57,1,1,94580,1869,279764654,129574
2026-09-26 08:33:57,1,2,1715,3626,116333,144424079
2026-09-26 08:33:57,1,3,146,91002,12625,135344279
2026-09-26 08:33:59,1,1,98117,1898,288585184,131492
2026-09-26 08:33:59,1,2,1744,3710,118251,148099639
2026-09-26 08:33:59,1,3,146,94456,12625,140489319
2026-09-26 08:34:01,1,1,101658,1929,297538474,133538
2026-09-26 08:34:01,1,2,1775,3797,120297,151906469
2026-09-26 08:34:01,1,3,146,97910,12625,145635779
2026-09-26 08:34:03,1,1,103446,1956,301955650,135968
2026-09-26 08:34:03,1,2,1796,3848,122000,153745175
2026-09-26 08:34:03,1,3,152,99647,13352,148214249
2026-09-26 08:34:05,1,1,105253,2016,307151739,139940
2026-09-26 08:34:05,1,2,1848,3923,125452,156371804
2026-09-26 08:34:05,1,3,160,101379,13872,150783709
2026-09-26 08:34:07,1,1,108820,2059,317284969,142778
2026-09-26 08:34:07,1,2,1891,4037,128290,161360064
2026-09-26 08:34:07,1,3,160,104832,13872,155928679
2026-09-26 08:34:09,1,1,112388,2101,327419689,145550
2026-09-26 08:34:09,1,2,1933,4151,131062,166348324
2026-09-26 08:34:09,1,3,160,108286,13872,161075139
2026-09-26 08:34:11,1,1,115957,2142,337554479,148256
2026-09-26 08:34:11,1,2,1974,4266,133768,171336654
2026-09-26 08:34:11,1,3,160,111741,13872,166221669
2026-09-26 08:34:13,1,1,119524,2182,347687709,150896
2026-09-26 08:34:13,1,2,2014,4380,136408,176324914
2026-09-26 08:34:13,1,3,160,115194,13872,171366639
2026-09-26 08:34:15,1,1,123092,2220,357822429,153404
2026-09-26 08:34:15,1,2,2052,4494,138916,181313174
2026-09-26 08:34:15,1,3,160,118648,13872,176513099
2026-09-26 08:34:17,1,1,123110,2233,357827088,154913
2026-09-26 08:34:17,1,2,2059,4503,139696,181314084
2026-09-26 08:34:17,1,3,166,118658,14601,176516918
2026-09-26 08:34:19,1,1,126629,2291,365068280,158757
2026-09-26 08:34:19,1,2,2108,4566,142950,183415636
2026-09-26 08:34:19,1,3,175,122115,15191,181656628
2026-09-26 08:34:21,1,1,130128,2308,372183790,159879
2026-09-26 08:34:21,1,2,2125,4611,144072,185384686
2026-09-26 08:34:21,1,3,175,125569,15191,186803088
2026-09-26 08:34:23,1,1,133626,2325,379297810,161005
2026-09-26 08:34:23,1,2,2141,4656,145128,187353736
2026-09-26 08:34:23,1,3,175,129022,15191,191948058
2026-09-26 08:34:25,1,1,137128,2341,386544590,162061
2026-09-26 08:34:25,1,2,2157,4704,146184,189454056
2026-09-26 08:34:25,1,3,175,132476,15191,197094518
2026-09-26 08:34:27,1,1,140626,2356,393658610,163051
2026-09-26 08:34:27,1,2,2172,4749,147174,191423106
2026-09-26 08:34:27,1,3,175,135929,15191,202239488
2026-09-26 08:34:29,1,1,144125,2372,400774120,164107
2026-09-26 08:34:29,1,2,2188,4794,148230,193392156
2026-09-26 08:34:29,1,3,175,139383,15191,207385948
2026-09-26 08:34:31,1,1,144144,2385,400780289,165633
2026-09-26 08:34:31,1,2,2195,4803,149031,193393085
2026-09-26 08:34:31,1,3,181,139393,15916,207391188
2026-09-26 08:34:33,1,1,144543,2436,402609030,169011
2026-09-26 08:34:33,1,2,2238,4850,151889,194707148
2026-09-26 08:34:33,1,3,189,139746,16436,207905936
2026-09-26 08:34:35,1,1,144919,2466,404437270,170991
2026-09-26 08:34:35,1,2,2268,4880,153869,196019848
2026-09-26 08:34:35,1,3,189,140092,16436,208421476
2026-09-26 08:34:37,1,1,145291,2492,406132750,172707
2026-09-26 08:34:37,1,2,2294,4907,155585,197201278
2026-09-26 08:34:37,1,3,189,140437,16436,208935526
2026-09-26 08:34:39,1,1,145666,2521,407959500,174621
2026-09-26 08:34:39,1,2,2323,4937,157499,198513978
2026-09-26 08:34:39,1,3,189,140782,16436,209449576
2026-09-26 08:34:41,1,1,145868,2546,408745517,176918
2026-09-26 08:34:41,1,2,2342,4958,159068,199039965
2026-09-26 08:34:41,1,3,195,140963,17164,209709606
2026-09-26 08:34:43,1,1,146089,2587,410055438,179636
2026-09-26 08:34:43,1,2,2375,4998,161266,200091418
2026-09-26 08:34:43,1,3,203,141144,17684,209968074
2026-09-26 08:34:45,1,1,146479,2623,412538538,182012
2026-09-26 08:34:45,1,2,2411,5043,163642,202060468
2026-09-26 08:34:45,1,3,203,141489,17684,210482124
2026-09-26 08:34:47,1,1,146872,2647,415152908,183596
2026-09-26 08:34:47,1,2,2435,5091,165226,204160788
2026-09-26 08:34:47,1,3,203,141834,17684,210996174
2026-09-26 08:34:49,1,1,147263,2662,417637498,184586
2026-09-26 08:34:49,1,2,2450,5136,166216,206129838
2026-09-26 08:34:49,1,3,203,142180,17684,211511714
2026-09-26 08:34:51,1,1,147653,2678,420120598,185642
2026-09-26 08:34:51,1,2,2466,5181,167272,208098888
2026-09-26 08:34:51,1,3,203,142525,17684,212025764
2026-09-26 08:34:53,1,1,147669,2691,420122275,187163
2026-09-26 08:34:53,1,2,2473,5190,168066,208099795
2026-09-26 08:34:53,1,3,209,142532,18411,212026534
2026-09-26 08:34:55,1,1,150312,2742,425290305,190541
2026-09-26 08:34:55,1,2,2516,5239,170924,209413986
2026-09-26 08:34:55,1,3,217,145126,18931,215880373
2026-09-26 08:34:57,1,1,152933,2771,430463595,192455
2026-09-26 08:34:57,1,2,2545,5269,172838,210726686
2026-09-26 08:34:57,1,3,217,147717,18931,219740963
2026-09-26 08:34:59,1,1,155550,2798,435504125,194237
2026-09-26 08:34:59,1,2,2572,5296,174620,211908116
2026-09-26 08:34:59,1,3,217,150307,18931,223600063
2026-09-26 08:35:01,1,1,158170,2828,440675925,196217
2026-09-26 08:35:01,1,2,2602,5326,176600,213220816
2026-09-26 08:35:01,1,3,217,152897,18931,227459163
2026-09-26 08:35:03,1,1,158190,2841,440683581,197742
2026-09-26 08:35:03,1,2,2609,5335,177399,213221742
2026-09-26 08:35:03,1,3,223,152908,19657,227465893
